source,band,period_h,psd
saved_whole_series,cA3,0.5,2.5326881916028694e-19
saved_whole_series,cA3,0.5096465362138136,1.437520715373644e-11
saved_whole_series,cA3,0.5194791837494761,6.479749452083024e-08
saved_whole_series,cA3,0.5295015332661994,7.080267549608838e-08
saved_whole_series,cA3,0.539717244698044,2.09144098858223e-07
saved_whole_series,cA3,0.5501300485904428,9.284894084381957e-07
saved_whole_series,cA3,0.5607437474625123,1.2471473256033764e-06
saved_whole_series,cA3,0.5715622171956457,3.0465933136337322e-06
saved_whole_series,cA3,0.5825894084488966,3.768535669772555e-06
saved_whole_series,cA3,0.5938293481016697,1.1253129779038861e-05
saved_whole_series,cA3,0.6052861407242459,6.660307723723287e-06
saved_whole_series,cA3,0.6169639700766778,2.0057850707435587e-06
saved_whole_series,cA3,0.6288671006366037,1.3795047238504923e-05
saved_whole_series,cA3,0.6409998791565376,1.3220914327674346e-07
saved_whole_series,cA3,0.653366736251205,1.0907360979027273e-09
saved_whole_series,cA3,0.665972188015502,1.697218379422241e-16
saved_whole_series,cA3,0.6788208376736705,6.94651608074395e-10
saved_whole_series,cA3,0.6919173772602912,1.0329907905575331e-07
saved_whole_series,cA3,0.705266589333708,3.7140903686349134e-05
saved_whole_series,cA3,0.7188733487225089,2.5050914920370757e-05
saved_whole_series,cA3,0.7327426243057032,1.682151403985162e-05
saved_whole_series,cA3,0.7468794808272429,7.433457919979233e-05
saved_whole_series,cA3,0.7612890807455516,6.814654320612236e-05
saved_whole_series,cA3,0.7759766861187373,6.634004001851177e-05
saved_whole_series,cA3,0.7909476605261763,5.370969307406082e-05
saved_whole_series,cA3,0.8062074710271702,6.233560363992235e-05
saved_whole_series,cA3,0.8217616901573916,4.088361008043435e-05
saved_whole_series,cA3,0.8376159979638477,4.864065106601671e-05
saved_whole_series,cA3,0.8537761840791034,3.275117631757426e-05
saved_whole_series,cA3,0.8702481498355248,1.3268920053396326e-05
saved_whole_series,cA3,0.8870379104203103,3.149610265694497e-06
saved_whole_series,cA3,0.9041515970721005,9.862336171914558e-06
saved_whole_series,cA3,0.9215954593199674,1.0310109333144802e-05
saved_whole_series,cA3,0.9393758672656,1.532010312523182e-07
saved_whole_series,cA3,0.9574993139095204,6.639370568150548e-09
saved_whole_series,cA3,0.9759724175221802,1.1803659801319077e-10
saved_whole_series,cA3,0.9948019240608021,2.005914917211028e-15
saved_whole_series,cA3,1.0139947096328503,2.293382131765678e-12
saved_whole_series,cA3,1.0335577830070277,7.879264992232811e-10
saved_whole_series,cA3,1.0534982881727202,2.0845436240383268e-08
saved_whole_series,cA3,1.073823506948818,5.073468536419579e-06
saved_whole_series,cA3,1.0945408616428702,1.878150102407929e-05
saved_whole_series,cA3,1.1156579177615438,1.0976901978527929e-05
saved_whole_series,cA3,1.137182386773373,6.221331743829059e-06
saved_whole_series,cA3,1.159122128924814,1.7744470996409566e-05
saved_whole_series,cA3,1.1814851561106259,4.4522290228708814e-05
saved_whole_series,cA3,1.2042796347996347,0.00010754733919678106
saved_whole_series,cA3,1.2275138890169406,0.00017866400755186653
saved_whole_series,cA3,1.251196403383663,0.00015137363067564732
saved_whole_series,cA3,1.2753358262153307,0.00018107115474184994
saved_whole_series,cA3,1.2999409726800508,0.00021291778284878552
saved_whole_series,cA3,1.3250208280176075,0.0002889979411888716
saved_whole_series,cA3,1.3505845508206658,0.00047351371051923856
saved_whole_series,cA3,1.3766414763792836,0.0005153719261917555
saved_whole_series,cA3,1.4032011200899448,0.0007039912899298828
saved_whole_series,cA3,1.4302731809303677,0.0006333031280172163
saved_whole_series,cA3,1.4578675450013503,0.0009457744133294729
saved_whole_series,cA3,1.4859942891369484,0.001085429484314806
saved_whole_series,cA3,1.5146636845843082,0.0008144272348061619
saved_whole_series,cA3,1.54388620075449,0.0006668305760066081
saved_whole_series,cA3,1.573672509045661,0.0003123340286876901
saved_whole_series,cA3,1.6040334867400448,0.0002440214684213377
saved_whole_series,cA3,1.63498022097606,0.00047646434829108934
saved_whole_series,cA3,1.6665240127970893,0.0009271966132892148
saved_whole_series,cA3,1.6986763812783636,0.0013215437673129132
saved_whole_series,cA3,1.7314490677334669,0.0013937438834988063
saved_whole_series,cA3,1.7648540400019963,8.637574859022233e-05
saved_whole_series,cA3,1.7989034968199455,6.728248736625496e-06
saved_whole_series,cA3,1.8336098722744048,1.5100202765595525e-06
saved_whole_series,cA3,1.8689858403442072,2.809662372490747e-07
saved_whole_series,cA3,1.9050443195281779,2.8460778503802787e-08
saved_whole_series,cA3,1.9417984775626749,7.802629074000123e-10
saved_whole_series,cA3,1.979261736230148,5.205652961323227e-13
saved_whole_series,cA3,2.017447776260468,1.7308272616721358e-13
saved_whole_series,cA3,2.056370542326817,5.770437967153711e-10
saved_whole_series,cA3,2.0960442481379675,2.072388641578634e-08
saved_whole_series,cA3,2.1364833816288047,1.8272611295508497e-07
saved_whole_series,cA3,2.1777027102509914,1.0027150172840573e-06
saved_whole_series,cA3,2.2197172863657038,4.781659739671071e-06
saved_whole_series,cA3,2.262542452740414,2.3302440286851643e-05
saved_whole_series,cA3,2.306193848151716,0.00010978537645584819
saved_whole_series,cA3,2.3506874130962556,0.0022624058811721126
saved_whole_series,cA3,2.3960393956118335,0.0037540288674177053
saved_whole_series,cA3,2.442266357210821,0.005272271761134422
saved_whole_series,cA3,2.4893851789280466,0.0061814368332986395
saved_whole_series,cA3,2.5374130674853674,0.00460073553712231
saved_whole_series,cA3,2.5863675615751704,0.0018324908609104107
saved_whole_series,cA3,2.6362665382651063,0.001304357701647587
saved_whole_series,cA3,2.687128219526386,0.0015978054705135135
saved_whole_series,cA3,2.7389711788880295,0.0022049218967427025
saved_whole_series,cA3,2.7918143482195,0.0033243983080373483
saved_whole_series,cA3,2.845677024644188,0.0072991685834807515
saved_whole_series,cA3,2.900578877586283,0.008284730825106201
saved_whole_series,cA3,2.956539955953601,0.014521573583949994
saved_whole_series,cA3,3.013580695458988,0.01096054239217053
saved_whole_series,cA3,3.0717219260829776,0.01230216541385766
saved_whole_series,cA3,3.130984879680427,0.01648281473019855
saved_whole_series,cA3,3.191391197733908,0.01559702704534737
saved_whole_series,cA3,3.2529629392566797,0.02407930763052919
saved_whole_series,cA3,3.3157225888481467,0.017863879006916016
saved_whole_series,cA3,3.379693064904713,0.02099684261072841
saved_whole_series,cA3,3.4448977279890705,0.020684561869045392
saved_whole_series,cA3,3.5113603893609313,0.0282539202731307
saved_whole_series,cA3,3.579105319672374,0.0185328187751581
saved_whole_series,cA3,3.6481572578309183,0.026243503643961857
saved_whole_series,cA3,3.7185414200336253,0.024080432283874898
saved_whole_series,cA3,3.790283508975467,0.02404385512658354
saved_whole_series,cA3,3.863409723235371,0.02887330424061575
saved_whole_series,cA3,3.9379467668433517,0.03389955450025008
saved_whole_series,cA3,4.0139218590322,0.04595677596234835
saved_whole_series,cA3,4.091362744177346,0.04051073583177033
saved_whole_series,cA3,4.170297701928455,0.051342139395951086
saved_whole_series,cA3,4.250755557536529,0.04203339569863018
saved_whole_series,cA3,4.332765692380219,0.03964337238506655
saved_whole_series,cA3,4.41635805469525,0.05488583434419023
saved_whole_series,cA3,4.50156317051082,0.048237558201578025
saved_whole_series,cA3,4.588412154797026,0.05997570710065065
saved_whole_series,cA3,4.676936722827329,0.09027542204882655
saved_whole_series,cA3,4.767169201760267,0.06656435291244042
saved_whole_series,cA3,4.859142542444581,0.07081786682883255
saved_whole_series,cA3,4.952890331452131,0.06691474457061083
saved_whole_series,cA3,5.04844680334293,0.08145774175765662
saved_whole_series,cA3,5.145846853166851,0.12771754624808598
saved_whole_series,cA3,5.245126049206475,0.11697954612872925
saved_whole_series,cA3,5.346320645965852,0.11210779922065973
saved_whole_series,cA3,5.449467597409789,0.20146288277928523
saved_whole_series,cA3,5.554604570458625,0.1312593419920266
saved_whole_series,cA3,5.661769958743311,0.14252270993420127
saved_whole_series,cA3,5.7710028966259115,0.17372437369220747
saved_whole_series,cA3,5.882343273490564,0.21534583875473776
saved_whole_series,cA3,5.995831748310182,0.18538037139451655
saved_whole_series,cA3,6.111509764494199,0.2101764071354996
saved_whole_series,cA3,6.229419565022735,0.20331433675816069
saved_whole_series,cA3,6.349604207872799,0.21160285131972797
saved_whole_series,cA3,6.472107581742054,0.1960284860294721
saved_whole_series,cA3,6.596974422076001,0.19884225173513462
saved_whole_series,cA3,6.724250327404317,0.2179539213761108
saved_whole_series,cA3,6.853981775992426,0.1845764065405406
saved_whole_series,cA3,6.986216142814284,0.16841436754673245
saved_whole_series,cA3,7.1210017168526605,0.15247932437216952
saved_whole_series,cA3,7.258387718733156,0.17585713656364824
saved_whole_series,cA3,7.398424318698476,0.1373657881175142
saved_whole_series,cA3,7.541162654929443,0.14940650687550328
saved_whole_series,cA3,7.686654852219517,0.11828357981458239
saved_whole_series,cA3,7.834954041009559,0.13999093536288562
saved_whole_series,cA3,7.98611437678989,0.1639315605675971
saved_whole_series,cA3,8.140191059876614,0.17523393251531136
saved_whole_series,cA3,8.297240355569535,0.17801595154373362
saved_whole_series,cA3,8.457319614698973,0.21104552273955016
saved_whole_series,cA3,8.620487294568951,0.2530758676856284
saved_whole_series,cA3,8.786802980304513,0.33677906002369323
saved_whole_series,cA3,8.956327406610816,0.5953247514963983
saved_whole_series,cA3,9.129122479952105,0.6196072072424775
saved_whole_series,cA3,9.3052513011585,1.9694263627389512
saved_whole_series,cA3,9.484778188469026,1.5118918784263526
saved_whole_series,cA3,9.667768701019135,0.9932386075705547
saved_whole_series,cA3,9.854289662781447,1.60924683851018
saved_whole_series,cA3,10.044409186968307,2.2835624903607146
saved_whole_series,cA3,10.238196700905213,5.728219420773776
saved_whole_series,cA3,10.43572297138407,5.717299474535378
saved_whole_series,cA3,10.63706013050564,5.927095584060133
saved_whole_series,cA3,10.842281702020514,6.69985132574612
saved_whole_series,cA3,11.051462628178331,6.056831409359492
saved_whole_series,cA3,11.264679297094995,6.459568222882008
saved_whole_series,cA3,11.48200957064784,7.372736344928801
saved_whole_series,cA3,11.70353281290906,8.382022496173525
saved_whole_series,cA3,11.929329919127625,8.131106542815326
saved_whole_series,cA3,12.159483345270418,9.441431957120725
saved_whole_series,cA3,12.394077138133245,13.204207887177096
saved_whole_series,cA3,12.633196966032852,11.798711241175914
saved_whole_series,cA3,12.876930150091003,16.140773382673334
saved_whole_series,cA3,13.12536569612221,15.401559089066458
saved_whole_series,cA3,13.378594327136586,12.070694727128535
saved_whole_series,cA3,13.636708516469879,8.95249394945815
saved_whole_series,cA3,13.899802521552571,6.561189123842225
saved_whole_series,cA3,14.167972418330605,6.669528881706058
saved_whole_series,cA3,14.441316136350085,10.196084563623453
saved_whole_series,cA3,14.719933494518948,12.23766798349309
saved_whole_series,cA3,15.003926237558561,2.837012375001293
saved_whole_series,cA3,15.293398073158553,1.1213942843625666
saved_whole_series,cA3,15.58845470984854,1.0369854176924296
saved_whole_series,cA3,15.889203895600431,1.0964122177819977
saved_whole_series,cA3,16.195755457175594,0.9444785149552164
saved_whole_series,cA3,16.508221340231017,0.815290358301871
saved_whole_series,cA3,16.8267156501994,0.8654795277934101
saved_whole_series,cA3,17.15135469395778,0.8361962922956524
saved_whole_series,cA3,17.48225702230024,1.0175736669440019
saved_whole_series,cA3,17.81954347322987,0.8360482499974139
saved_whole_series,cA3,18.163337216086152,0.629220578998212
saved_whole_series,cA3,18.513763796523516,0.6930905964446467
saved_whole_series,cA3,18.87095118235783,0.7686898162543768
saved_whole_series,cA3,19.235029810297274,0.6656632259386495
saved_whole_series,cA3,19.606132633574916,0.6362694777436765
saved_whole_series,cA3,19.984395170500147,0.6456396000767153
saved_whole_series,cA3,20.369955553946927,0.6662998450081942
saved_whole_series,cA3,20.76295458179678,0.819051243011588
saved_whole_series,cA3,21.163535768354915,0.8253975327118498
saved_whole_series,cA3,21.571845396758473,0.7820480096192904
saved_whole_series,cA3,21.988032572395706,0.7940864829714217
saved_whole_series,cA3,22.412249277355972,0.8100296927445911
saved_whole_series,cA3,22.84465042593003,0.7817001747665699
saved_whole_series,cA3,23.28539392118133,0.6895296906098367
saved_whole_series,cA3,23.73464071260851,0.7024636321714999
saved_whole_series,cA3,24.192554854920584,0.6735272488951703
saved_whole_series,cA3,24.659303567945905,0.6341619434026041
saved_whole_series,cA3,25.135057297697138,0.6248340803402769
saved_whole_series,cA3,25.619989778614165,0.6760301170384855
saved_whole_series,cA3,26.114278097008047,0.662028637682125
saved_whole_series,cA3,26.618102755728817,0.6822856219065013
saved_whole_series,cA3,27.131647740081124,0.7002112192218318
saved_whole_series,cA3,27.655100585011386,0.6883364934304721
saved_whole_series,cA3,28.188652443591323,0.9295020788617349
saved_whole_series,cA3,28.73249815682275,1.0274965197577197
saved_whole_series,cA3,29.286836324788993,0.9885935830229742
saved_whole_series,cA3,29.85186937917922,1.027903830186302
saved_whole_series,cA3,30.427803657211786,0.9613719113165916
saved_whole_series,cA3,31.014849476984,0.8004464301631562
saved_whole_series,cA3,31.613221214275406,0.9379540652322046
saved_whole_series,cA3,32.22313738083303,1.0266160651714193
saved_whole_series,cA3,32.84482070416682,1.011604212416926
saved_whole_series,cA3,33.47849820888475,0.9643876033381197
saved_whole_series,cA3,34.12440129959695,0.9025958715198671
saved_whole_series,cA3,34.7827658454195,1.0631221625440874
saved_whole_series,cA3,35.453832266108364,1.195158594595478
saved_whole_series,cA3,36.137845619855355,1.1996188614291086
saved_whole_series,cA3,36.835055692777644,1.202743275509037
saved_whole_series,cA3,37.54571709013408,1.2035442682088107
saved_whole_series,cA3,38.27008932930125,1.243232038116735
saved_whole_series,cA3,39.00843693454322,1.3274564516544425
saved_whole_series,cA3,39.7610295336099,1.4024648555027905
saved_whole_series,cA3,40.52814195619885,1.4678772083826104
saved_whole_series,cA3,41.310054334316966,1.478155678803315
saved_whole_series,cA3,42.10705220457815,1.4177151735580678
saved_whole_series,cA3,42.91942661247497,1.3850581039887668
saved_whole_series,cA3,43.74747421866168,1.4171022485775033
saved_whole_series,cA3,44.59149740728809,1.4409778590435556
saved_whole_series,cA3,45.451804396423235,1.365905980119739
saved_whole_series,cA3,46.32870935060979,1.289385733998565
saved_whole_series,cA3,47.22253249558958,1.328396514997278
saved_whole_series,cA3,48.133600235242994,1.4063387957202533
saved_whole_series,cA3,49.062245270784004,1.4564185947172923
saved_whole_series,cA3,50.008806722255244,1.4448459640385976
saved_whole_series,cA3,50.97363025236692,1.433050061758041
saved_whole_series,cA3,51.95706819272496,1.4162464727771258
saved_whole_series,cA3,52.95947967249436,1.3976618232095523
saved_whole_series,cA3,53.98123074954523,1.3942879844973
saved_whole_series,cA3,55.02269454412866,1.5624483593351408
saved_whole_series,cA3,56.08425137513179,1.7338530644641927
saved_whole_series,cA3,57.16628889896145,1.8749348819990281
saved_whole_series,cA3,58.269202251107764,1.9193086325364923
saved_whole_series,cA3,59.39339419043843,1.9645384890569604
saved_whole_series,cA3,60.53927524627722,1.9823945509250172
saved_whole_series,cA3,61.7072638683197,1.920855099186043
saved_whole_series,cA3,62.897786579441885,1.8581283623475124
saved_whole_series,cA3,64.11127813145649,1.8113793146100876
saved_whole_series,cA3,65.34818166387448,1.937259414335636
saved_whole_series,cA3,66.60894886572933,2.0655681279423788
saved_whole_series,cA3,67.89404014052396,2.196352310853833
saved_whole_series,cA3,69.20392477435938,2.2902455086996087
saved_whole_series,cA3,70.53908110730714,2.3699779299910926
saved_whole_series,cA3,71.89999670808868,2.451248634661384
saved_whole_series,cA3,73.28716855212397,2.531317657989314
saved_whole_series,cA3,74.70110320301589,2.5886181228613387
saved_whole_series,cA3,76.14231699753532,2.6470240897522728
saved_whole_series,cA3,77.61133623417611,2.706556887192639
saved_whole_series,cA3,79.10869736534697,2.7058689110126934
saved_whole_series,cA3,80.63494719327193,2.491802989177302
saved_whole_series,cA3,82.1906430696696,2.273607078007666
saved_whole_series,cA3,83.77635309928597,2.0512014973204233
saved_whole_series,cA3,85.39265634735295,1.8334657261295793
saved_whole_series,cA3,87.04014305105,1.8512472096737398
saved_whole_series,cA3,88.71941483504492,1.8693717526677878
saved_whole_series,cA3,90.43108493119412,1.8878459737825375
saved_whole_series,cA3,92.17577840248063,1.9066766193832991
saved_whole_series,cA3,93.95413237127259,1.9299838448848678
saved_whole_series,cA3,95.76679625198642,1.9581854870032869
saved_whole_series,cA3,97.61443198823778,1.9869312254456741
saved_whole_series,cA3,99.49771429456864,2.016231557501818
saved_whole_series,cA3,101.4173309028371,2.046097182986473
saved_whole_series,cA3,103.37398281336215,2.1104278107133
saved_whole_series,cA3,105.36838455091261,2.2108502575088522
saved_whole_series,cA3,107.40126442563553,2.313210161843796
saved_whole_series,cA3,109.47336479901804,2.4175449032267533
saved_whole_series,cA3,111.58544235498152,2.5238925823319294
saved_whole_series,cA3,113.73826837620499,2.632292034912592
saved_whole_series,cA3,115.93262902578012,2.706816650013954
saved_whole_series,cA3,118.1693256342997,2.7821069076118037
saved_whole_series,cA3,120.44917499248609,2.858849745602585
saved_whole_series,cA3,122.77300964946404,2.9370731887250234
saved_whole_series,cA3,125.14167821678903,3.0168058024011657
saved_whole_series,cA3,127.55604567834034,3.098076703167802
saved_whole_series,cA3,130.01699370619426,3.126355982990685
saved_whole_series,cA3,132.52542098259033,3.142940223748789
saved_whole_series,cA3,135.08224352810922,3.159844425464993
saved_whole_series,cA3,137.68839503618338,3.1770747611692407
saved_whole_series,cA3,140.3448272140602,3.1946375229881823
saved_whole_series,cA3,143.052510130344,3.2125391244429267
saved_whole_series,cA3,145.81243256924256,3.2307861027911073
saved_whole_series,cA3,148.62560239164944,3.255089857765272
saved_whole_series,cA3,151.49304690319124,3.281038647569384
saved_whole_series,cA3,154.41581322937657,3.3074880692545965
saved_whole_series,cA3,157.39496869798185,3.33444778154805
saved_whole_series,cA3,160.4316012288161,3.3619276295234095
saved_whole_series,cA3,163.52681973100383,3.3899376481960566
saved_whole_series,cA3,166.68175450793376,3.4184880661876567
saved_whole_series,cA3,169.89755767001927,3.447589309461406
saved_whole_series,cA3,173.17540355542388,3.4229886933733646
saved_whole_series,cA3,176.5164891589024,3.380956880468124
saved_whole_series,cA3,179.92203456891554,3.33811414475224
saved_whole_series,cA3,183.39328341317966,3.294444841033192
saved_whole_series,cA3,186.93150331281046,3.2499330222746274
saved_whole_series,cA3,190.5379863452299,3.204562433772867
saved_whole_series,cA3,194.21404951600263,3.1583165072210604
saved_whole_series,cA3,197.9610352397776,3.1111783546588074
saved_whole_series,cA3,201.78031183050666,3.063130762305065
saved_whole_series,cA3,205.673274001122,3.034796169628054
saved_whole_series,cA3,209.64134337285284,3.0786627424178605
saved_whole_series,cA3,213.6859689943703,3.1233756361736518
saved_whole_series,cA3,217.80862787094637,3.168951179027123
saved_whole_series,cA3,222.01082550382282,3.215406014129797
saved_whole_series,cA3,226.29409643998534,3.2627571057307176
saved_whole_series,cA3,230.66000483254638,3.311021745371422
saved_whole_series,cA3,235.11014501193776,3.3602175582004112
saved_whole_series,cA3,239.64614206812294,3.4103625094094423
saved_whole_series,cA3,244.26965244404465,3.46147491079403
saved_whole_series,cA3,248.9823645405189,3.5135734274404804
saved_whole_series,cA3,253.7859993328012,3.566677084541965
saved_whole_series,cA3,258.68231099904665,3.5992104838226147
saved_whole_series,cA3,263.6730875608972,3.6142031522369646
saved_whole_series,cA3,268.7601515364256,3.6294850752889167
saved_whole_series,cA3,273.94536060567816,3.645061833589144
saved_whole_series,cA3,279.2306082890559,3.6609391154154447
saved_whole_series,cA3,284.61782463878706,3.677122718789974
saved_whole_series,cA3,290.1089769437368,3.6936185535965484
saved_whole_series,cA3,295.7060704478174,3.7104326437388
saved_whole_series,cA3,301.4111490822561,3.7275711293399696
saved_whole_series,cA3,307.2262962119944,3.7450402689851443
saved_whole_series,cA3,313.1536353964843,3.7628464420067416
saved_whole_series,cA3,319.1953311651634,3.780996150814102
saved_whole_series,cA3,325.3535898078933,3.799496023268024
saved_whole_series,cA3,331.6306601806454,3.8183528151011017
saved_whole_series,cA3,338.0288345267327,3.837573412384767
saved_whole_series,cA3,344.5504493138833,3.870019530570186
saved_whole_series,cA3,351.1978860874675,3.9165502308555293
saved_whole_series,cA3,357.9735723401825,3.963978651311585
saved_whole_series,cA3,364.8799823985184,4.012322111718631
saved_whole_series,cA3,371.9196383263243,4.061598266008708
saved_whole_series,cA3,379.0951108458109,4.11182510871246
saved_whole_series,cA3,386.4090202763185,4.163020981530306
saved_whole_series,cA3,393.86403749119825,4.2152045800304245
saved_whole_series,cA3,401.46288489315356,4.268394960475939
saved_whole_series,cA3,409.20833740840123,4.32261154678384
saved_whole_series,cA3,417.1032235000108,4.377874137618162
saved_whole_series,cA3,425.1504262007932,4.434202913619985
saved_whole_series,cA3,433.3528841661216,4.491618444776972
saved_whole_series,cA3,441.7135927470597,4.55014169793504
saved_whole_series,cA3,450.2356050841965,4.609794044454991
saved_whole_series,cA3,458.9220332225824,4.670597268016826
saved_whole_series,cA3,467.7760492481795,4.732573572574672
saved_whole_series,cA3,476.80088644623385,4.79574559046515
saved_whole_series,cA3,485.9998404819983,4.860136390672192
saved_whole_series,cA3,495.3762706042327,4.925769487251297
saved_whole_series,cA3,504.9336008719279,4.992668847916352
saved_whole_series,cA3,514.6753214046926,5.098171459453893
saved_whole_series,cA3,524.6049896572661,5.3061656327807585
saved_whole_series,cA3,534.7262317186182,5.5181726527581345
saved_whole_series,cA3,545.0427436361176,5.734269939527098
saved_whole_series,cA3,555.5582927652417,5.954536406901107
saved_whole_series,cA3,566.276719145331,6.179052491183555
saved_whole_series,cA3,577.2019369018808,6.407900180541218
saved_whole_series,cA3,588.3379356758954,6.6411630449445544
saved_whole_series,cA3,599.6887820808116,6.878926266685511
saved_whole_series,cA3,611.2586211875322,7.12127667148413
saved_whole_series,cA3,623.0516780381147,7.3683027601953945
saved_whole_series,cA3,635.0722591886586,7.620094741127677
saved_whole_series,cA3,647.3247542819628,7.876744562984798
saved_whole_series,cA3,659.8136376505205,8.138345948443531
saved_whole_series,cA3,672.5434699504481,8.404994428379085
saved_whole_series,cA3,685.5188998269297,8.676787376750756
saved_whole_series,cA3,698.7446656117985,8.953824046160692
saved_whole_series,cA3,712.2255970538649,9.236205604098648
saved_whole_series,cA3,725.9666170826351,9.52403516988613
saved_whole_series,cA3,739.9727436060498,9.81741785233316
saved_whole_series,cA3,754.2490913429119,10.116460788121666
saved_whole_series,cA3,768.8008736906626,10.421273180929296
saved_whole_series,cA3,783.6334046291995,10.731966341308203
saved_whole_series,cA3,798.7521006614194,11.048653727333084
saved_whole_series,cA3,814.1624827911994,11.371450986033443
saved_whole_series,cA3,829.8701785395466,11.700475995625345
saved_whole_series,cA3,845.8809239996378,12.035848908557805
saved_whole_series,cA3,862.2005659315118,12.377692195389757
saved_whole_series,cA3,878.8350638971696,12.726130689513434
saved_whole_series,cA3,895.7904924368759,13.081291632740815
saved_whole_series,cA3,913.0730432874402,13.443304721769344
saved_whole_series,cA3,930.6890276432995,13.812302155544268
saved_whole_series,cA3,948.6448784612195,14.188418683534605
saved_whole_series,cA3,966.9471528094692,14.571791654940684
saved_whole_series,cA3,985.6025342623101,14.962561068850897
saved_whole_series,cA3,1004.6178353406866,15.3608696253662
saved_whole_series,cD3,0.5,4.4756831711976067e-20
saved_whole_series,cD3,0.5096465362138136,9.497613645079644e-19
saved_whole_series,cD3,0.5194791837494761,4.917377791125446e-14
saved_whole_series,cD3,0.5295015332661994,2.2338923554456314e-11
saved_whole_series,cD3,0.539717244698044,1.877013712559311e-09
saved_whole_series,cD3,0.5501300485904428,3.804723308925954e-08
saved_whole_series,cD3,0.5607437474625123,5.37892791643819e-07
saved_whole_series,cD3,0.5715622171956457,2.5865959600448234e-06
saved_whole_series,cD3,0.5825894084488966,1.0933170907675331e-05
saved_whole_series,cD3,0.5938293481016697,2.5835000100282307e-05
saved_whole_series,cD3,0.6052861407242459,3.975048201711262e-05
saved_whole_series,cD3,0.6169639700766778,4.140287444789691e-05
saved_whole_series,cD3,0.6288671006366037,6.754502258971244e-05
saved_whole_series,cD3,0.6409998791565376,7.538004141631947e-05
saved_whole_series,cD3,0.653366736251205,0.0001405551540258806
saved_whole_series,cD3,0.665972188015502,0.00015107657968144145
saved_whole_series,cD3,0.6788208376736705,0.0001857035843071726
saved_whole_series,cD3,0.6919173772602912,0.0001797874581486556
saved_whole_series,cD3,0.705266589333708,0.00025632920481606127
saved_whole_series,cD3,0.7188733487225089,0.00023564132841050967
saved_whole_series,cD3,0.7327426243057032,0.00022598592116384372
saved_whole_series,cD3,0.7468794808272429,0.00028125893236783376
saved_whole_series,cD3,0.7612890807455516,0.00018557808262110735
saved_whole_series,cD3,0.7759766861187373,0.00015684313432603577
saved_whole_series,cD3,0.7909476605261763,9.902954158626659e-05
saved_whole_series,cD3,0.8062074710271702,3.941231294885843e-05
saved_whole_series,cD3,0.8217616901573916,1.6860738502731052e-05
saved_whole_series,cD3,0.8376159979638477,5.227169052595849e-06
saved_whole_series,cD3,0.8537761840791034,8.940264826418862e-07
saved_whole_series,cD3,0.8702481498355248,1.1415452989935261e-07
saved_whole_series,cD3,0.8870379104203103,1.495725620788525e-08
saved_whole_series,cD3,0.9041515970721005,8.370522221886042e-10
saved_whole_series,cD3,0.9215954593199674,4.0131439447825126e-11
saved_whole_series,cD3,0.9393758672656,3.55474241627697e-13
saved_whole_series,cD3,0.9574993139095204,1.4517158548136829e-15
saved_whole_series,cD3,0.9759724175221802,6.770751333807561e-18
saved_whole_series,cD3,0.9948019240608021,1.0674300899883565e-17
saved_whole_series,cD3,1.0139947096328503,1.6918770875392662e-17
saved_whole_series,cD3,1.0335577830070277,3.828907857335489e-17
saved_whole_series,cD3,1.0534982881727202,1.7288478881369204e-14
saved_whole_series,cD3,1.073823506948818,1.9491506082611666e-12
saved_whole_series,cD3,1.0945408616428702,7.799311405507884e-11
saved_whole_series,cD3,1.1156579177615438,1.0913077995648628e-09
saved_whole_series,cD3,1.137182386773373,9.726860950052914e-09
saved_whole_series,cD3,1.159122128924814,8.677275302925678e-08
saved_whole_series,cD3,1.1814851561106259,6.012426184790779e-07
saved_whole_series,cD3,1.2042796347996347,2.7645514180297714e-06
saved_whole_series,cD3,1.2275138890169406,9.897343600357502e-06
saved_whole_series,cD3,1.251196403383663,2.6665068968932432e-05
saved_whole_series,cD3,1.2753358262153307,8.510382944160924e-05
saved_whole_series,cD3,1.2999409726800508,0.00016515606290816993
saved_whole_series,cD3,1.3250208280176075,0.0002542152321913023
saved_whole_series,cD3,1.3505845508206658,0.0005157190779377019
saved_whole_series,cD3,1.3766414763792836,0.00094374869653351
saved_whole_series,cD3,1.4032011200899448,0.0014311516804902601
saved_whole_series,cD3,1.4302731809303677,0.002225881488681907
saved_whole_series,cD3,1.4578675450013503,0.002471503020664389
saved_whole_series,cD3,1.4859942891369484,0.003300140561684376
saved_whole_series,cD3,1.5146636845843082,0.003231683340506195
saved_whole_series,cD3,1.54388620075449,0.0047637530055323445
saved_whole_series,cD3,1.573672509045661,0.004134547925503421
saved_whole_series,cD3,1.6040334867400448,0.006008993634479029
saved_whole_series,cD3,1.63498022097606,0.005991668072343122
saved_whole_series,cD3,1.6665240127970893,0.0076074605039495825
saved_whole_series,cD3,1.6986763812783636,0.008863092473625614
saved_whole_series,cD3,1.7314490677334669,0.008075397850772298
saved_whole_series,cD3,1.7648540400019963,0.007750282587141954
saved_whole_series,cD3,1.7989034968199455,0.008684740987972037
saved_whole_series,cD3,1.8336098722744048,0.011034392100215137
saved_whole_series,cD3,1.8689858403442072,0.011271672638030736
saved_whole_series,cD3,1.9050443195281779,0.012244138440561256
saved_whole_series,cD3,1.9417984775626749,0.01077067664170026
saved_whole_series,cD3,1.979261736230148,0.011448557929846113
saved_whole_series,cD3,2.017447776260468,0.012301717469399944
saved_whole_series,cD3,2.056370542326817,0.012789933306595317
saved_whole_series,cD3,2.0960442481379675,0.01636899011084679
saved_whole_series,cD3,2.1364833816288047,0.01534208266756758
saved_whole_series,cD3,2.1777027102509914,0.02366906920159942
saved_whole_series,cD3,2.2197172863657038,0.018063396191336813
saved_whole_series,cD3,2.262542452740414,0.02275094771936127
saved_whole_series,cD3,2.306193848151716,0.02026033591821155
saved_whole_series,cD3,2.3506874130962556,0.028731926799097526
saved_whole_series,cD3,2.3960393956118335,0.026638811743542837
saved_whole_series,cD3,2.442266357210821,0.02333862149077649
saved_whole_series,cD3,2.4893851789280466,0.029814359559440635
saved_whole_series,cD3,2.5374130674853674,0.033846419876545485
saved_whole_series,cD3,2.5863675615751704,0.02672889818756377
saved_whole_series,cD3,2.6362665382651063,0.02643749335099606
saved_whole_series,cD3,2.687128219526386,0.046761684277878725
saved_whole_series,cD3,2.7389711788880295,0.030531704817590617
saved_whole_series,cD3,2.7918143482195,0.04567043470041774
saved_whole_series,cD3,2.845677024644188,0.0444302647258241
saved_whole_series,cD3,2.900578877586283,0.03153882713856338
saved_whole_series,cD3,2.956539955953601,0.04885040100364241
saved_whole_series,cD3,3.013580695458988,0.04064117143720241
saved_whole_series,cD3,3.0717219260829776,0.0503198414232885
saved_whole_series,cD3,3.130984879680427,0.04922508620219688
saved_whole_series,cD3,3.191391197733908,0.04170331601612306
saved_whole_series,cD3,3.2529629392566797,0.0716745907461478
saved_whole_series,cD3,3.3157225888481467,0.0534025596306962
saved_whole_series,cD3,3.379693064904713,0.05928769610514132
saved_whole_series,cD3,3.4448977279890705,0.04934883141483243
saved_whole_series,cD3,3.5113603893609313,0.06401658370670743
saved_whole_series,cD3,3.579105319672374,0.06256157881798434
saved_whole_series,cD3,3.6481572578309183,0.05114988046865474
saved_whole_series,cD3,3.7185414200336253,0.050781967259019435
saved_whole_series,cD3,3.790283508975467,0.04705331014820685
saved_whole_series,cD3,3.863409723235371,0.04881911321046593
saved_whole_series,cD3,3.9379467668433517,0.03355353927957389
saved_whole_series,cD3,4.0139218590322,0.03728128166486813
saved_whole_series,cD3,4.091362744177346,0.031284664100352085
saved_whole_series,cD3,4.170297701928455,0.027495203312886015
saved_whole_series,cD3,4.250755557536529,0.03296872273244862
saved_whole_series,cD3,4.332765692380219,0.03051061868000123
saved_whole_series,cD3,4.41635805469525,0.027075713284049813
saved_whole_series,cD3,4.50156317051082,0.019574242469682233
saved_whole_series,cD3,4.588412154797026,0.020889648435970406
saved_whole_series,cD3,4.676936722827329,0.02265595531039037
saved_whole_series,cD3,4.767169201760267,0.01625936944040609
saved_whole_series,cD3,4.859142542444581,0.01468487701763707
saved_whole_series,cD3,4.952890331452131,0.013666865900443291
saved_whole_series,cD3,5.04844680334293,0.012197824721908735
saved_whole_series,cD3,5.145846853166851,0.01360523957770745
saved_whole_series,cD3,5.245126049206475,0.01036812883953452
saved_whole_series,cD3,5.346320645965852,0.006898239849864415
saved_whole_series,cD3,5.449467597409789,0.00868547961995799
saved_whole_series,cD3,5.554604570458625,0.006132241028835414
saved_whole_series,cD3,5.661769958743311,0.00481848102052608
saved_whole_series,cD3,5.7710028966259115,0.005282303029717346
saved_whole_series,cD3,5.882343273490564,0.005839732961536699
saved_whole_series,cD3,5.995831748310182,0.003577188189876611
saved_whole_series,cD3,6.111509764494199,0.002951075507312584
saved_whole_series,cD3,6.229419565022735,0.00284396873359764
saved_whole_series,cD3,6.349604207872799,0.0024294870078136375
saved_whole_series,cD3,6.472107581742054,0.001942262750105372
saved_whole_series,cD3,6.596974422076001,0.0016786343477769555
saved_whole_series,cD3,6.724250327404317,0.0017539423825270303
saved_whole_series,cD3,6.853981775992426,0.0014635750314287161
saved_whole_series,cD3,6.986216142814284,0.0014336233790860481
saved_whole_series,cD3,7.1210017168526605,0.0009445374349843315
saved_whole_series,cD3,7.258387718733156,0.0008115759656628577
saved_whole_series,cD3,7.398424318698476,0.000689749728321619
saved_whole_series,cD3,7.541162654929443,0.0006640927657420469
saved_whole_series,cD3,7.686654852219517,0.000778906352523453
saved_whole_series,cD3,7.834954041009559,0.0006865035169162939
saved_whole_series,cD3,7.98611437678989,0.0005423790531903183
saved_whole_series,cD3,8.140191059876614,0.0004600012649522711
saved_whole_series,cD3,8.297240355569535,0.0002685273146780239
saved_whole_series,cD3,8.457319614698973,0.0002789900520660812
saved_whole_series,cD3,8.620487294568951,0.0002491413658049731
saved_whole_series,cD3,8.786802980304513,0.00019486633694141674
saved_whole_series,cD3,8.956327406610816,0.00019222171079550905
saved_whole_series,cD3,9.129122479952105,0.00013624668094785192
saved_whole_series,cD3,9.3052513011585,0.00014359180284990514
saved_whole_series,cD3,9.484778188469026,0.00015464490977017356
saved_whole_series,cD3,9.667768701019135,9.867060638875306e-05
saved_whole_series,cD3,9.854289662781447,0.00010259558889061345
saved_whole_series,cD3,10.044409186968307,9.088952355493576e-05
saved_whole_series,cD3,10.238196700905213,7.61685954547935e-05
saved_whole_series,cD3,10.43572297138407,6.921099198401504e-05
saved_whole_series,cD3,10.63706013050564,6.305633813357434e-05
saved_whole_series,cD3,10.842281702020514,4.383130379830722e-05
saved_whole_series,cD3,11.051462628178331,3.3160075980659137e-05
saved_whole_series,cD3,11.264679297094995,4.010361597551754e-05
saved_whole_series,cD3,11.48200957064784,3.1599269032406447e-05
saved_whole_series,cD3,11.70353281290906,3.3491853552766364e-05
saved_whole_series,cD3,11.929329919127625,2.338289915503502e-05
saved_whole_series,cD3,12.159483345270418,1.906050970106285e-05
saved_whole_series,cD3,12.394077138133245,1.948360347290263e-05
saved_whole_series,cD3,12.633196966032852,1.2681899861768187e-05
saved_whole_series,cD3,12.876930150091003,1.1492702649113179e-05
saved_whole_series,cD3,13.12536569612221,1.0750722785913915e-05
saved_whole_series,cD3,13.378594327136586,9.951782580034953e-06
saved_whole_series,cD3,13.636708516469879,9.018747414897453e-06
saved_whole_series,cD3,13.899802521552571,6.4924246928887375e-06
saved_whole_series,cD3,14.167972418330605,5.648502929464516e-06
saved_whole_series,cD3,14.441316136350085,5.044657504381757e-06
saved_whole_series,cD3,14.719933494518948,4.322281244656802e-06
saved_whole_series,cD3,15.003926237558561,3.0930158258822657e-06
saved_whole_series,cD3,15.293398073158553,2.7104167395509146e-06
saved_whole_series,cD3,15.58845470984854,2.146399279415718e-06
saved_whole_series,cD3,15.889203895600431,1.7815964420395308e-06
saved_whole_series,cD3,16.195755457175594,1.581475262054707e-06
saved_whole_series,cD3,16.508221340231017,1.1473831416634514e-06
saved_whole_series,cD3,16.8267156501994,1.208562676997655e-06
saved_whole_series,cD3,17.15135469395778,1.2984815487142352e-06
saved_whole_series,cD3,17.48225702230024,1.0645656382151678e-06
saved_whole_series,cD3,17.81954347322987,8.360094506326506e-07
saved_whole_series,cD3,18.163337216086152,6.67052280672453e-07
saved_whole_series,cD3,18.513763796523516,6.285546429482014e-07
saved_whole_series,cD3,18.87095118235783,6.908218406080171e-07
saved_whole_series,cD3,19.235029810297274,5.989454890178271e-07
saved_whole_series,cD3,19.606132633574916,5.358312817178151e-07
saved_whole_series,cD3,19.984395170500147,3.7563197105864966e-07
saved_whole_series,cD3,20.369955553946927,2.7385827827102057e-07
saved_whole_series,cD3,20.76295458179678,2.6432806483376444e-07
saved_whole_series,cD3,21.163535768354915,2.457594022930209e-07
saved_whole_series,cD3,21.571845396758473,1.9593388596674816e-07
saved_whole_series,cD3,21.988032572395706,1.7338205570681808e-07
saved_whole_series,cD3,22.412249277355972,1.7964039944203783e-07
saved_whole_series,cD3,22.84465042593003,1.541231316272037e-07
saved_whole_series,cD3,23.28539392118133,9.409852790814465e-08
saved_whole_series,cD3,23.73464071260851,8.910783015459475e-08
saved_whole_series,cD3,24.192554854920584,9.665014626423116e-08
saved_whole_series,cD3,24.659303567945905,8.18765645348729e-08
saved_whole_series,cD3,25.135057297697138,5.6738207332720575e-08
saved_whole_series,cD3,25.619989778614165,4.600068977640869e-08
saved_whole_series,cD3,26.114278097008047,3.913745355114093e-08
saved_whole_series,cD3,26.618102755728817,3.556409230095573e-08
saved_whole_series,cD3,27.131647740081124,3.167057569878553e-08
saved_whole_series,cD3,27.655100585011386,2.474788452935224e-08
saved_whole_series,cD3,28.188652443591323,2.2980354240673515e-08
saved_whole_series,cD3,28.73249815682275,2.109559037612436e-08
saved_whole_series,cD3,29.286836324788993,1.8831044139796448e-08
saved_whole_series,cD3,29.85186937917922,1.5217716785353867e-08
saved_whole_series,cD3,30.427803657211786,1.219631143458175e-08
saved_whole_series,cD3,31.014849476984,9.694516284104867e-09
saved_whole_series,cD3,31.613221214275406,8.221041585908657e-09
saved_whole_series,cD3,32.22313738083303,7.405013099630979e-09
saved_whole_series,cD3,32.84482070416682,7.733649316004394e-09
saved_whole_series,cD3,33.47849820888475,7.0661481337154254e-09
saved_whole_series,cD3,34.12440129959695,5.956567176379774e-09
saved_whole_series,cD3,34.7827658454195,4.811617736902388e-09
saved_whole_series,cD3,35.453832266108364,3.801643035177133e-09
saved_whole_series,cD3,36.137845619855355,3.361556978602196e-09
saved_whole_series,cD3,36.835055692777644,2.8896831636059664e-09
saved_whole_series,cD3,37.54571709013408,2.369649799447846e-09
saved_whole_series,cD3,38.27008932930125,2.003386130893416e-09
saved_whole_series,cD3,39.00843693454322,1.8145057221100533e-09
saved_whole_series,cD3,39.7610295336099,1.6055770551175305e-09
saved_whole_series,cD3,40.52814195619885,1.3759073204479093e-09
saved_whole_series,cD3,41.310054334316966,1.1549190981488871e-09
saved_whole_series,cD3,42.10705220457815,9.46156234320997e-10
saved_whole_series,cD3,42.91942661247497,7.779149155250571e-10
saved_whole_series,cD3,43.74747421866168,7.06963304562292e-10
saved_whole_series,cD3,44.59149740728809,6.341896168865532e-10
saved_whole_series,cD3,45.451804396423235,5.548846468341089e-10
saved_whole_series,cD3,46.32870935060979,4.74049640250569e-10
saved_whole_series,cD3,47.22253249558958,4.208803879613828e-10
saved_whole_series,cD3,48.133600235242994,3.762213981073436e-10
saved_whole_series,cD3,49.062245270784004,3.3060752566204046e-10
saved_whole_series,cD3,50.008806722255244,2.839147312365898e-10
saved_whole_series,cD3,50.97363025236692,2.3632108934644073e-10
saved_whole_series,cD3,51.95706819272496,2.1484355825105824e-10
saved_whole_series,cD3,52.95947967249436,2.011911092458191e-10
saved_whole_series,cD3,53.98123074954523,1.860522288583875e-10
saved_whole_series,cD3,55.02269454412866,1.5714148614738658e-10
saved_whole_series,cD3,56.08425137513179,1.2767296638332434e-10
saved_whole_series,cD3,57.16628889896145,1.0074233681205149e-10
saved_whole_series,cD3,58.269202251107764,8.247660552045427e-11
saved_whole_series,cD3,59.39339419043843,6.385847215210479e-11
saved_whole_series,cD3,60.53927524627722,4.849260090919146e-11
saved_whole_series,cD3,61.7072638683197,4.3025483156038746e-11
saved_whole_series,cD3,62.897786579441885,3.7452887904104115e-11
saved_whole_series,cD3,64.11127813145649,3.191608085133812e-11
saved_whole_series,cD3,65.34818166387448,2.771923413254497e-11
saved_whole_series,cD3,66.60894886572933,2.3441417346038753e-11
saved_whole_series,cD3,67.89404014052396,1.908106833043831e-11
saved_whole_series,cD3,69.20392477435938,1.621317744408285e-11
saved_whole_series,cD3,70.53908110730714,1.3928852440895928e-11
saved_whole_series,cD3,71.89999670808868,1.1600455789974264e-11
saved_whole_series,cD3,73.28716855212397,9.411578436481104e-12
saved_whole_series,cD3,74.70110320301589,8.799589880080118e-12
saved_whole_series,cD3,76.14231699753532,8.17579418413564e-12
saved_whole_series,cD3,77.61133623417611,7.539963552649265e-12
saved_whole_series,cD3,79.10869736534697,6.9285962999080655e-12
saved_whole_series,cD3,80.63494719327193,6.433135963138549e-12
saved_whole_series,cD3,82.1906430696696,5.9281166742067525e-12
saved_whole_series,cD3,83.77635309928597,5.413354011556251e-12
saved_whole_series,cD3,85.39265634735295,4.888991883853424e-12
saved_whole_series,cD3,87.04014305105,4.36339193030295e-12
saved_whole_series,cD3,88.71941483504492,3.827651538780701e-12
saved_whole_series,cD3,90.43108493119412,3.2815750690824075e-12
saved_whole_series,cD3,92.17577840248063,2.724963106503172e-12
saved_whole_series,cD3,93.95413237127259,2.2925749727423436e-12
saved_whole_series,cD3,95.76679625198642,1.997683324876828e-12
saved_whole_series,cD3,97.61443198823778,1.697102311090744e-12
saved_whole_series,cD3,99.49771429456864,1.3907221660352956e-12
saved_whole_series,cD3,101.4173309028371,1.0784310066509234e-12
saved_whole_series,cD3,103.37398281336215,8.723174593560663e-13
saved_whole_series,cD3,105.36838455091261,7.776147150275804e-13
saved_whole_series,cD3,107.40126442563553,6.810848637936643e-13
saved_whole_series,cD3,109.47336479901804,5.826926551484693e-13
saved_whole_series,cD3,111.58544235498152,4.82402158495569e-13
saved_whole_series,cD3,113.73826837620499,3.8017675002694097e-13
saved_whole_series,cD3,115.93262902578012,3.4179855835470977e-13
saved_whole_series,cD3,118.1693256342997,3.0391002245686464e-13
saved_whole_series,cD3,120.44917499248609,2.6529050029176535e-13
saved_whole_series,cD3,122.77300964946404,2.2592588888841463e-13
saved_whole_series,cD3,125.14167821678903,1.8580181318617145e-13
saved_whole_series,cD3,127.55604567834034,1.4490362078531545e-13
saved_whole_series,cD3,130.01699370619426,1.2812922925392166e-13
saved_whole_series,cD3,132.52542098259033,1.166204934538832e-13
saved_whole_series,cD3,135.08224352810922,1.0488971878050478e-13
saved_whole_series,cD3,137.68839503618338,9.293262142172076e-14
saved_whole_series,cD3,140.3448272140602,8.074483491756951e-14
saved_whole_series,cD3,143.052510130344,6.832190856566058e-14
saved_whole_series,cD3,145.81243256924256,5.565930579588187e-14
saved_whole_series,cD3,148.62560239164944,5.0336980002373074e-14
saved_whole_series,cD3,151.49304690319124,4.647567619278775e-14
saved_whole_series,cD3,154.41581322937657,4.253987596913882e-14
saved_whole_series,cD3,157.39496869798185,3.8528142066714586e-14
saved_whole_series,cD3,160.4316012288161,3.4439009491550506e-14
saved_whole_series,cD3,163.52681973100383,3.0270984985447624e-14
saved_whole_series,cD3,166.68175450793376,2.6022546480668138e-14
saved_whole_series,cD3,169.89755767001927,2.169214254411186e-14
saved_whole_series,cD3,173.17540355542388,1.9675052486580528e-14
saved_whole_series,cD3,176.5164891589024,1.8368034183105684e-14
saved_whole_series,cD3,179.92203456891554,1.7035799480837743e-14
saved_whole_series,cD3,183.39328341317966,1.5677861877968332e-14
saved_whole_series,cD3,186.93150331281046,1.4293725486574578e-14
saved_whole_series,cD3,190.5379863452299,1.2882884851531869e-14
saved_whole_series,cD3,194.21404951600263,1.1444824765933525e-14
saved_whole_series,cD3,197.9610352397776,9.979020082948453e-15
saved_whole_series,cD3,201.78031183050666,8.484935524049786e-15
saved_whole_series,cD3,205.673274001122,7.277698560312074e-15
saved_whole_series,cD3,209.64134337285284,7.159793668778566e-15
saved_whole_series,cD3,213.6859689943703,7.039614029633131e-15
saved_whole_series,cD3,217.80862787094637,6.917115756005336e-15
saved_whole_series,cD3,222.01082550382282,6.792254114312174e-15
saved_whole_series,cD3,226.29409643998534,6.664983507922402e-15
saved_whole_series,cD3,230.66000483254638,6.5352574605056426e-15
saved_whole_series,cD3,235.11014501193776,6.403028599060315e-15
saved_whole_series,cD3,239.64614206812294,6.268248636614107e-15
saved_whole_series,cD3,244.26965244404465,6.130868354590632e-15
saved_whole_series,cD3,248.9823645405189,5.99083758483595e-15
saved_whole_series,cD3,253.7859993328012,5.848105191298286e-15
saved_whole_series,cD3,258.68231099904665,5.7347618269547995e-15
saved_whole_series,cD3,263.6730875608972,5.646274484110487e-15
saved_whole_series,cD3,268.7601515364256,5.5560799485517525e-15
saved_whole_series,cD3,273.94536060567816,5.464145283285901e-15
saved_whole_series,cD3,279.2306082890559,5.37043691586447e-15
saved_whole_series,cD3,284.61782463878706,5.274920626123303e-15
saved_whole_series,cD3,290.1089769437368,5.177561533686143e-15
saved_whole_series,cD3,295.7060704478174,5.078324085227097e-15
saved_whole_series,cD3,301.4111490822561,4.977172041487406e-15
saved_whole_series,cD3,307.2262962119944,4.87406846404164e-15
saved_whole_series,cD3,313.1536353964843,4.768975701808662e-15
saved_whole_series,cD3,319.1953311651634,4.661855377302307e-15
saved_whole_series,cD3,325.3535898078933,4.552668372616781e-15
saved_whole_series,cD3,331.6306601806454,4.441374815141703e-15
saved_whole_series,cD3,338.0288345267327,4.327934063001522e-15
saved_whole_series,cD3,344.5504493138833,4.271574812928316e-15
saved_whole_series,cD3,351.1978860874675,4.276182791161189e-15
saved_whole_series,cD3,357.9735723401825,4.280879671451855e-15
saved_whole_series,cD3,364.8799823985184,4.2856671689941524e-15
saved_whole_series,cD3,371.9196383263243,4.29054703207328e-15
saved_whole_series,cD3,379.0951108458109,4.295521042704231e-15
saved_whole_series,cD3,386.4090202763185,4.30059101728254e-15
saved_whole_series,cD3,393.86403749119825,4.305758807247595e-15
saved_whole_series,cD3,401.46288489315356,4.3110262997587364e-15
saved_whole_series,cD3,409.20833740840123,4.316395418384407e-15
saved_whole_series,cD3,417.1032235000108,4.321868123804596e-15
saved_whole_series,cD3,425.1504262007932,4.327446414526831e-15
saved_whole_series,cD3,433.3528841661216,4.333132327615992e-15
saved_whole_series,cD3,441.7135927470597,4.3389279394382e-15
saved_whole_series,cD3,450.2356050841965,4.344835366419057e-15
saved_whole_series,cD3,458.9220332225824,4.350856765816516e-15
saved_whole_series,cD3,467.7760492481795,4.3569943365086656e-15
saved_whole_series,cD3,476.80088644623385,4.363250319796708e-15
saved_whole_series,cD3,485.9998404819983,4.3696270002234335e-15
saved_whole_series,cD3,495.3762706042327,4.37612670640748e-15
saved_whole_series,cD3,504.9336008719279,4.382751811893693e-15
saved_whole_series,cD3,514.6753214046926,2.0700412942075486e-10
saved_whole_series,cD3,524.6049896572661,9.753001407129219e-10
saved_whole_series,cD3,534.7262317186182,1.7584189425967652e-09
saved_whole_series,cD3,545.0427436361176,2.5566465122447897e-09
saved_whole_series,cD3,555.5582927652417,3.3702743442077574e-09
saved_whole_series,cD3,566.276719145331,4.19959955686197e-09
saved_whole_series,cD3,577.2019369018808,5.0449250009099276e-09
saved_whole_series,cD3,588.3379356758954,5.906559369974827e-09
saved_whole_series,cD3,599.6887820808116,6.784817313328266e-09
saved_whole_series,cD3,611.2586211875322,7.68001955079292e-09
saved_whole_series,cD3,623.0516780381147,8.592492989862354e-09
saved_whole_series,cD3,635.0722591886586,9.522570845080036e-09
saved_whole_series,cD3,647.3247542819628,1.0470592759721822e-08
saved_whole_series,cD3,659.8136376505205,1.1436904929825712e-08
saved_whole_series,cD3,672.5434699504481,1.242186023061512e-08
saved_whole_series,cD3,685.5188998269297,1.342581834536063e-08
saved_whole_series,cD3,698.7446656117985,1.444914589672828e-08
saved_whole_series,cD3,712.2255970538649,1.5492216580661596e-08
saved_whole_series,cD3,725.9666170826351,1.6555411302847188e-08
saved_whole_series,cD3,739.9727436060498,1.7639118317812567e-08
saved_whole_series,cD3,754.2490913429119,1.8743733370708056e-08
saved_whole_series,cD3,768.8008736906626,1.986965984182365e-08
saved_whole_series,cD3,783.6334046291995,2.101730889389466e-08
saved_whole_series,cD3,798.7521006614194,2.218709962224883e-08
saved_whole_series,cD3,814.1624827911994,2.337945920785025e-08
saved_whole_series,cD3,829.8701785395466,2.4594823073296444e-08
saved_whole_series,cD3,845.8809239996378,2.5833635041824615e-08
saved_whole_series,cD3,862.2005659315118,2.7096347499385888e-08
saved_whole_series,cD3,878.8350638971696,2.8383421559846088e-08
saved_whole_series,cD3,895.7904924368759,2.969532723337446e-08
saved_whole_series,cD3,913.0730432874402,3.103254359808043e-08
saved_whole_series,cD3,930.6890276432995,3.239555897496215e-08
saved_whole_series,cD3,948.6448784612195,3.378487110622996e-08
saved_whole_series,cD3,966.9471528094692,3.520098733707088e-08
saved_whole_series,cD3,985.6025342623101,3.664442480091938e-08
saved_whole_series,cD3,1004.6178353406866,3.8115710608302715e-08
saved_whole_series,cD2,0.5,4.45966231907893e-19
saved_whole_series,cD2,0.5096465362138136,9.440580855853613e-19
saved_whole_series,cD2,0.5194791837494761,1.2470256674874682e-16
saved_whole_series,cD2,0.5295015332661994,4.281249318316098e-14
saved_whole_series,cD2,0.539717244698044,4.2257242665174695e-12
saved_whole_series,cD2,0.5501300485904428,1.0884846067506326e-10
saved_whole_series,cD2,0.5607437474625123,1.3782099863544263e-09
saved_whole_series,cD2,0.5715622171956457,1.3121139226978636e-08
saved_whole_series,cD2,0.5825894084488966,7.590363471443597e-08
saved_whole_series,cD2,0.5938293481016697,4.9010456117237e-07
saved_whole_series,cD2,0.6052861407242459,1.359728543977853e-06
saved_whole_series,cD2,0.6169639700766778,5.297379934731657e-06
saved_whole_series,cD2,0.6288671006366037,1.4423849420140612e-05
saved_whole_series,cD2,0.6409998791565376,4.4982133974449025e-05
saved_whole_series,cD2,0.653366736251205,7.523552572938202e-05
saved_whole_series,cD2,0.665972188015502,0.00013824072056856118
saved_whole_series,cD2,0.6788208376736705,0.00031430360178979843
saved_whole_series,cD2,0.6919173772602912,0.00042869045168599673
saved_whole_series,cD2,0.705266589333708,0.0006354102280660742
saved_whole_series,cD2,0.7188733487225089,0.0008040179805897545
saved_whole_series,cD2,0.7327426243057032,0.0014924297086169036
saved_whole_series,cD2,0.7468794808272429,0.0015865748940121927
saved_whole_series,cD2,0.7612890807455516,0.0013578234675113519
saved_whole_series,cD2,0.7759766861187373,0.0026325464649993757
saved_whole_series,cD2,0.7909476605261763,0.0018570432889718589
saved_whole_series,cD2,0.8062074710271702,0.0025718176730169127
saved_whole_series,cD2,0.8217616901573916,0.002703228811422712
saved_whole_series,cD2,0.8376159979638477,0.0032934207952278415
saved_whole_series,cD2,0.8537761840791034,0.002982566582454641
saved_whole_series,cD2,0.8702481498355248,0.003849579027037937
saved_whole_series,cD2,0.8870379104203103,0.003770869202430747
saved_whole_series,cD2,0.9041515970721005,0.003673576024088026
saved_whole_series,cD2,0.9215954593199674,0.006347786200290925
saved_whole_series,cD2,0.9393758672656,0.005458846872495063
saved_whole_series,cD2,0.9574993139095204,0.00636650583864648
saved_whole_series,cD2,0.9759724175221802,0.00856490616350602
saved_whole_series,cD2,0.9948019240608021,0.007273793216229417
saved_whole_series,cD2,1.0139947096328503,0.008087281242980374
saved_whole_series,cD2,1.0335577830070277,0.007881457299839469
saved_whole_series,cD2,1.0534982881727202,0.00827862809734037
saved_whole_series,cD2,1.073823506948818,0.009131775651337848
saved_whole_series,cD2,1.0945408616428702,0.011746246631529051
saved_whole_series,cD2,1.1156579177615438,0.013463398607738092
saved_whole_series,cD2,1.137182386773373,0.010427006231994641
saved_whole_series,cD2,1.159122128924814,0.010562429119021846
saved_whole_series,cD2,1.1814851561106259,0.0086238326625692
saved_whole_series,cD2,1.2042796347996347,0.012634389619862836
saved_whole_series,cD2,1.2275138890169406,0.013150508818747034
saved_whole_series,cD2,1.251196403383663,0.013599494909969609
saved_whole_series,cD2,1.2753358262153307,0.010183615281923372
saved_whole_series,cD2,1.2999409726800508,0.010680092551271178
saved_whole_series,cD2,1.3250208280176075,0.016160296692728882
saved_whole_series,cD2,1.3505845508206658,0.016161343580716265
saved_whole_series,cD2,1.3766414763792836,0.011353558243156994
saved_whole_series,cD2,1.4032011200899448,0.015428647275779195
saved_whole_series,cD2,1.4302731809303677,0.016143583775884547
saved_whole_series,cD2,1.4578675450013503,0.014996130921126232
saved_whole_series,cD2,1.4859942891369484,0.018507093310407674
saved_whole_series,cD2,1.5146636845843082,0.0239717260864277
saved_whole_series,cD2,1.54388620075449,0.024397840899437803
saved_whole_series,cD2,1.573672509045661,0.02781190726079377
saved_whole_series,cD2,1.6040334867400448,0.019252435630295266
saved_whole_series,cD2,1.63498022097606,0.017143565483418718
saved_whole_series,cD2,1.6665240127970893,0.01450751998052866
saved_whole_series,cD2,1.6986763812783636,0.01674092948948874
saved_whole_series,cD2,1.7314490677334669,0.02106496239425883
saved_whole_series,cD2,1.7648540400019963,0.015798843405578463
saved_whole_series,cD2,1.7989034968199455,0.017847134757910926
saved_whole_series,cD2,1.8336098722744048,0.01862525082678239
saved_whole_series,cD2,1.8689858403442072,0.017331907538143513
saved_whole_series,cD2,1.9050443195281779,0.017743724810911313
saved_whole_series,cD2,1.9417984775626749,0.015226500019566755
saved_whole_series,cD2,1.979261736230148,0.012222193800207332
saved_whole_series,cD2,2.017447776260468,0.012364297669543016
saved_whole_series,cD2,2.056370542326817,0.010463304112429926
saved_whole_series,cD2,2.0960442481379675,0.008633597840567782
saved_whole_series,cD2,2.1364833816288047,0.010601939485216677
saved_whole_series,cD2,2.1777027102509914,0.010607875189006305
saved_whole_series,cD2,2.2197172863657038,0.011812476669831285
saved_whole_series,cD2,2.262542452740414,0.00858585461189272
saved_whole_series,cD2,2.306193848151716,0.006609316000995046
saved_whole_series,cD2,2.3506874130962556,0.004487231849402355
saved_whole_series,cD2,2.3960393956118335,0.006339057506938514
saved_whole_series,cD2,2.442266357210821,0.004756177751890509
saved_whole_series,cD2,2.4893851789280466,0.004441333800390347
saved_whole_series,cD2,2.5374130674853674,0.004548350991958044
saved_whole_series,cD2,2.5863675615751704,0.0036809795203233985
saved_whole_series,cD2,2.6362665382651063,0.0034015988904079753
saved_whole_series,cD2,2.687128219526386,0.004377387710386812
saved_whole_series,cD2,2.7389711788880295,0.0035251132206065906
saved_whole_series,cD2,2.7918143482195,0.002610436514644663
saved_whole_series,cD2,2.845677024644188,0.003075186815059819
saved_whole_series,cD2,2.900578877586283,0.0017178409228013269
saved_whole_series,cD2,2.956539955953601,0.0018161700369159768
saved_whole_series,cD2,3.013580695458988,0.0010913230789998446
saved_whole_series,cD2,3.0717219260829776,0.001397312992215118
saved_whole_series,cD2,3.130984879680427,0.0011035091774672838
saved_whole_series,cD2,3.191391197733908,0.0008311196529733181
saved_whole_series,cD2,3.2529629392566797,0.0008572485650043576
saved_whole_series,cD2,3.3157225888481467,0.0007011194898672831
saved_whole_series,cD2,3.379693064904713,0.0005654789824404116
saved_whole_series,cD2,3.4448977279890705,0.0008291827387085401
saved_whole_series,cD2,3.5113603893609313,0.0004747004031345624
saved_whole_series,cD2,3.579105319672374,0.00037220100073284153
saved_whole_series,cD2,3.6481572578309183,0.00028785444972715844
saved_whole_series,cD2,3.7185414200336253,0.00044526827837357546
saved_whole_series,cD2,3.790283508975467,0.00022109778535459599
saved_whole_series,cD2,3.863409723235371,0.0002430619909185484
saved_whole_series,cD2,3.9379467668433517,0.00022939293457706453
saved_whole_series,cD2,4.0139218590322,0.00023501993166369448
saved_whole_series,cD2,4.091362744177346,0.00017429148173049897
saved_whole_series,cD2,4.170297701928455,0.0001288849368896433
saved_whole_series,cD2,4.250755557536529,0.0001057125843845865
saved_whole_series,cD2,4.332765692380219,8.109354337759618e-05
saved_whole_series,cD2,4.41635805469525,9.739400470101538e-05
saved_whole_series,cD2,4.50156317051082,0.00010346912532748166
saved_whole_series,cD2,4.588412154797026,6.743517074340434e-05
saved_whole_series,cD2,4.676936722827329,4.757267301286681e-05
saved_whole_series,cD2,4.767169201760267,7.23056441242263e-05
saved_whole_series,cD2,4.859142542444581,5.918209872068301e-05
saved_whole_series,cD2,4.952890331452131,3.911067696582912e-05
saved_whole_series,cD2,5.04844680334293,3.912620984195003e-05
saved_whole_series,cD2,5.145846853166851,2.8202200330881646e-05
saved_whole_series,cD2,5.245126049206475,3.086093132393365e-05
saved_whole_series,cD2,5.346320645965852,2.4045974386573317e-05
saved_whole_series,cD2,5.449467597409789,1.9847567830620535e-05
saved_whole_series,cD2,5.554604570458625,1.676673828130094e-05
saved_whole_series,cD2,5.661769958743311,1.2312680150707492e-05
saved_whole_series,cD2,5.7710028966259115,1.3095586774005682e-05
saved_whole_series,cD2,5.882343273490564,1.0753664137953439e-05
saved_whole_series,cD2,5.995831748310182,1.0798661301394572e-05
saved_whole_series,cD2,6.111509764494199,7.836030196322475e-06
saved_whole_series,cD2,6.229419565022735,5.439561623973113e-06
saved_whole_series,cD2,6.349604207872799,4.525023405148121e-06
saved_whole_series,cD2,6.472107581742054,4.235839517156953e-06
saved_whole_series,cD2,6.596974422076001,4.727341252128453e-06
saved_whole_series,cD2,6.724250327404317,3.814735059644607e-06
saved_whole_series,cD2,6.853981775992426,3.1278450776505114e-06
saved_whole_series,cD2,6.986216142814284,2.8461381271911475e-06
saved_whole_series,cD2,7.1210017168526605,3.0747525666981846e-06
saved_whole_series,cD2,7.258387718733156,2.229340667236488e-06
saved_whole_series,cD2,7.398424318698476,1.6499769668155798e-06
saved_whole_series,cD2,7.541162654929443,1.5198133611409767e-06
saved_whole_series,cD2,7.686654852219517,1.1015359274260162e-06
saved_whole_series,cD2,7.834954041009559,9.969973618805016e-07
saved_whole_series,cD2,7.98611437678989,1.1740933640598297e-06
saved_whole_series,cD2,8.140191059876614,7.338788772489552e-07
saved_whole_series,cD2,8.297240355569535,7.707522034208987e-07
saved_whole_series,cD2,8.457319614698973,7.251672711113471e-07
saved_whole_series,cD2,8.620487294568951,5.830943003018199e-07
saved_whole_series,cD2,8.786802980304513,4.791901300649495e-07
saved_whole_series,cD2,8.956327406610816,3.506202240066809e-07
saved_whole_series,cD2,9.129122479952105,3.4750094292089913e-07
saved_whole_series,cD2,9.3052513011585,2.753865651009679e-07
saved_whole_series,cD2,9.484778188469026,2.246159135854596e-07
saved_whole_series,cD2,9.667768701019135,3.1173058085490457e-07
saved_whole_series,cD2,9.854289662781447,1.6829328467460696e-07
saved_whole_series,cD2,10.044409186968307,1.5488624516595177e-07
saved_whole_series,cD2,10.238196700905213,1.819241822491119e-07
saved_whole_series,cD2,10.43572297138407,1.2153306319631666e-07
saved_whole_series,cD2,10.63706013050564,9.322373783569676e-08
saved_whole_series,cD2,10.842281702020514,9.091129772917405e-08
saved_whole_series,cD2,11.051462628178331,5.8477439194624255e-08
saved_whole_series,cD2,11.264679297094995,5.864935462469855e-08
saved_whole_series,cD2,11.48200957064784,7.69565740070203e-08
saved_whole_series,cD2,11.70353281290906,6.078177380336581e-08
saved_whole_series,cD2,11.929329919127625,3.6923313197293835e-08
saved_whole_series,cD2,12.159483345270418,3.2946938330636264e-08
saved_whole_series,cD2,12.394077138133245,2.869270627098508e-08
saved_whole_series,cD2,12.633196966032852,2.608335027817313e-08
saved_whole_series,cD2,12.876930150091003,2.1912111609832653e-08
saved_whole_series,cD2,13.12536569612221,1.8999555115196794e-08
saved_whole_series,cD2,13.378594327136586,2.396281068571808e-08
saved_whole_series,cD2,13.636708516469879,1.763251586486525e-08
saved_whole_series,cD2,13.899802521552571,1.3342231956372649e-08
saved_whole_series,cD2,14.167972418330605,1.0115665383571935e-08
saved_whole_series,cD2,14.441316136350085,1.0109571580240366e-08
saved_whole_series,cD2,14.719933494518948,8.109596212610085e-09
saved_whole_series,cD2,15.003926237558561,6.814657455652746e-09
saved_whole_series,cD2,15.293398073158553,6.321548431841717e-09
saved_whole_series,cD2,15.58845470984854,4.9151269580687346e-09
saved_whole_series,cD2,15.889203895600431,4.0569509292505255e-09
saved_whole_series,cD2,16.195755457175594,3.724593082891342e-09
saved_whole_series,cD2,16.508221340231017,3.0131151386003177e-09
saved_whole_series,cD2,16.8267156501994,2.703328889626981e-09
saved_whole_series,cD2,17.15135469395778,2.603912111668362e-09
saved_whole_series,cD2,17.48225702230024,2.1901564068682344e-09
saved_whole_series,cD2,17.81954347322987,1.881283553883553e-09
saved_whole_series,cD2,18.163337216086152,1.731043364921222e-09
saved_whole_series,cD2,18.513763796523516,1.3923707404674935e-09
saved_whole_series,cD2,18.87095118235783,1.1159372108153405e-09
saved_whole_series,cD2,19.235029810297274,8.926484626485728e-10
saved_whole_series,cD2,19.606132633574916,7.967552949685641e-10
saved_whole_series,cD2,19.984395170500147,7.941239042454566e-10
saved_whole_series,cD2,20.369955553946927,6.115581889959845e-10
saved_whole_series,cD2,20.76295458179678,4.795458849584414e-10
saved_whole_series,cD2,21.163535768354915,4.251704315104716e-10
saved_whole_series,cD2,21.571845396758473,3.4536345390423686e-10
saved_whole_series,cD2,21.988032572395706,2.8888954125401764e-10
saved_whole_series,cD2,22.412249277355972,2.8830130931966403e-10
saved_whole_series,cD2,22.84465042593003,2.716107621613114e-10
saved_whole_series,cD2,23.28539392118133,2.147196294103272e-10
saved_whole_series,cD2,23.73464071260851,1.6680839862357182e-10
saved_whole_series,cD2,24.192554854920584,1.3280489455829358e-10
saved_whole_series,cD2,24.659303567945905,1.2126903458287924e-10
saved_whole_series,cD2,25.135057297697138,1.1732590705840453e-10
saved_whole_series,cD2,25.619989778614165,1.0153213210065777e-10
saved_whole_series,cD2,26.114278097008047,9.163978951029347e-11
saved_whole_series,cD2,26.618102755728817,6.863475111058638e-11
saved_whole_series,cD2,27.131647740081124,4.945233880360751e-11
saved_whole_series,cD2,27.655100585011386,4.709651199542564e-11
saved_whole_series,cD2,28.188652443591323,4.145349329270252e-11
saved_whole_series,cD2,28.73249815682275,3.8107098552590366e-11
saved_whole_series,cD2,29.286836324788993,3.6679065180516374e-11
saved_whole_series,cD2,29.85186937917922,2.9562539937025136e-11
saved_whole_series,cD2,30.427803657211786,2.469859186445285e-11
saved_whole_series,cD2,31.014849476984,2.182823399664177e-11
saved_whole_series,cD2,31.613221214275406,1.8738441447146238e-11
saved_whole_series,cD2,32.22313738083303,1.5545718855719052e-11
saved_whole_series,cD2,32.84482070416682,1.2222695994114169e-11
saved_whole_series,cD2,33.47849820888475,9.794413952421485e-12
saved_whole_series,cD2,34.12440129959695,7.729806591629141e-12
saved_whole_series,cD2,34.7827658454195,6.844501443784896e-12
saved_whole_series,cD2,35.453832266108364,5.9532291550393975e-12
saved_whole_series,cD2,36.137845619855355,5.0223578114140916e-12
saved_whole_series,cD2,36.835055692777644,4.515639657598784e-12
saved_whole_series,cD2,37.54571709013408,4.7403088710568916e-12
saved_whole_series,cD2,38.27008932930125,4.722648912781195e-12
saved_whole_series,cD2,39.00843693454322,4.426893238950675e-12
saved_whole_series,cD2,39.7610295336099,3.9832979076405124e-12
saved_whole_series,cD2,40.52814195619885,3.3863591601352223e-12
saved_whole_series,cD2,41.310054334316966,2.8310197857467867e-12
saved_whole_series,cD2,42.10705220457815,2.3317592563717267e-12
saved_whole_series,cD2,42.91942661247497,1.8821991605036227e-12
saved_whole_series,cD2,43.74747421866168,1.5578636051772526e-12
saved_whole_series,cD2,44.59149740728809,1.2457191038822086e-12
saved_whole_series,cD2,45.451804396423235,1.136267334774897e-12
saved_whole_series,cD2,46.32870935060979,1.0247039047588616e-12
saved_whole_series,cD2,47.22253249558958,9.105223584665015e-13
saved_whole_series,cD2,48.133600235242994,7.939859390635964e-13
saved_whole_series,cD2,49.062245270784004,6.871244742606917e-13
saved_whole_series,cD2,50.008806722255244,6.036257887013171e-13
saved_whole_series,cD2,50.97363025236692,5.18516156953834e-13
saved_whole_series,cD2,51.95706819272496,4.3874255204705736e-13
saved_whole_series,cD2,52.95947967249436,3.5955662061991837e-13
saved_whole_series,cD2,53.98123074954523,2.8256484124630233e-13
saved_whole_series,cD2,55.02269454412866,2.451088542204507e-13
saved_whole_series,cD2,56.08425137513179,2.069302261240593e-13
saved_whole_series,cD2,57.16628889896145,1.7336336428712422e-13
saved_whole_series,cD2,58.269202251107764,1.5496183514681578e-13
saved_whole_series,cD2,59.39339419043843,1.3620528397202442e-13
saved_whole_series,cD2,60.53927524627722,1.1721031009542584e-13
saved_whole_series,cD2,61.7072638683197,9.819736240983474e-14
saved_whole_series,cD2,62.897786579441885,7.881759654748293e-14
saved_whole_series,cD2,64.11127813145649,6.033305284331779e-14
saved_whole_series,cD2,65.34818166387448,5.4305059856260314e-14
saved_whole_series,cD2,66.60894886572933,4.8160768363910706e-14
saved_whole_series,cD2,67.89404014052396,4.1897934610782665e-14
saved_whole_series,cD2,69.20392477435938,3.745902839919308e-14
saved_whole_series,cD2,70.53908110730714,3.372257772243317e-14
saved_whole_series,cD2,71.89999670808868,2.991403943214425e-14
saved_whole_series,cD2,73.28716855212397,2.6031057029787144e-14
saved_whole_series,cD2,74.70110320301589,2.2064682499025724e-14
saved_whole_series,cD2,76.14231699753532,1.8021784417167458e-14
saved_whole_series,cD2,77.61133623417611,1.3900886409798368e-14
saved_whole_series,cD2,79.10869736534697,1.0537228430452939e-14
saved_whole_series,cD2,80.63494719327193,1.0017811385801339e-14
saved_whole_series,cD2,82.1906430696696,9.488373190487161e-15
saved_whole_series,cD2,83.77635309928597,8.94872050572484e-15
saved_whole_series,cD2,85.39265634735295,8.389415430053422e-15
saved_whole_series,cD2,87.04014305105,7.57210734654542e-15
saved_whole_series,cD2,88.71941483504492,6.7390308789866656e-15
saved_whole_series,cD2,90.43108493119412,5.889881806801545e-15
saved_whole_series,cD2,92.17577840248063,5.024350040064859e-15
saved_whole_series,cD2,93.95413237127259,4.303381335160073e-15
saved_whole_series,cD2,95.76679625198642,3.7427600875249545e-15
saved_whole_series,cD2,97.61443198823778,3.1713227335547503e-15
saved_whole_series,cD2,99.49771429456864,2.5888605973265097e-15
saved_whole_series,cD2,101.4173309028371,1.995160976917702e-15
saved_whole_series,cD2,103.37398281336215,1.6190878744698151e-15
saved_whole_series,cD2,105.36838455091261,1.4713420771923918e-15
saved_whole_series,cD2,107.40126442563553,1.3207458095472086e-15
saved_whole_series,cD2,109.47336479901804,1.1672440772030247e-15
saved_whole_series,cD2,111.58544235498152,1.010780824818959e-15
saved_whole_series,cD2,113.73826837620499,8.512989155743848e-16
saved_whole_series,cD2,115.93262902578012,7.627575219175656e-16
saved_whole_series,cD2,118.1693256342997,6.738911919292722e-16
saved_whole_series,cD2,120.44917499248609,5.833103574001365e-16
saved_whole_series,cD2,122.77300964946404,4.909819402698758e-16
saved_whole_series,cD2,125.14167821678903,3.968722243007877e-16
saved_whole_series,cD2,127.55604567834034,3.0094684276536937e-16
saved_whole_series,cD2,130.01699370619426,2.625027683518725e-16
saved_whole_series,cD2,132.52542098259033,2.366283310708128e-16
saved_whole_series,cD2,135.08224352810922,2.1025469639726685e-16
saved_whole_series,cD2,137.68839503618338,1.8337223327978445e-16
saved_whole_series,cD2,140.3448272140602,1.559711248543435e-16
saved_whole_series,cD2,143.052510130344,1.2804136485945184e-16
saved_whole_series,cD2,145.81243256924256,9.957275398209392e-17
saved_whole_series,cD2,148.62560239164944,8.990218905616687e-17
saved_whole_series,cD2,151.49304690319124,8.403386443039052e-17
saved_whole_series,cD2,154.41581322937657,7.805232179257994e-17
saved_whole_series,cD2,157.39496869798185,7.19553768194295e-17
saved_whole_series,cD2,160.4316012288161,6.574080304532478e-17
saved_whole_series,cD2,163.52681973100383,5.940633104928945e-17
saved_whole_series,cD2,166.68175450793376,5.294964762624348e-17
saved_whole_series,cD2,169.89755767001927,4.636839494227478e-17
saved_whole_series,cD2,173.17540355542388,4.30350492633668e-17
saved_whole_series,cD2,176.5164891589024,4.069199884501614e-17
saved_whole_series,cD2,179.92203456891554,3.830374378524279e-17
saved_whole_series,cD2,183.39328341317966,3.586941194762557e-17
saved_whole_series,cD2,186.93150331281046,3.3388114369552335e-17
saved_whole_series,cD2,190.5379863452299,3.0858944937590696e-17
saved_whole_series,cD2,194.21404951600263,2.828098005659663e-17
saved_whole_series,cD2,197.9610352397776,2.565327831243767e-17
saved_whole_series,cD2,201.78031183050666,2.2974880128210432e-17
saved_whole_series,cD2,205.673274001122,2.068561521446173e-17
saved_whole_series,cD2,209.64134337285284,1.9905857392066787e-17
saved_whole_series,cD2,213.6859689943703,1.9111055645528378e-17
saved_whole_series,cD2,217.80862787094637,1.83009197313284e-17
saved_whole_series,cD2,222.01082550382282,1.7475153806259495e-17
saved_whole_series,cD2,226.29409643998534,1.6633456319390013e-17
saved_whole_series,cD2,230.66000483254638,1.5775519901944207e-17
saved_whole_series,cD2,235.11014501193776,1.490103125505827e-17
saved_whole_series,cD2,239.64614206812294,1.400967103537088e-17
saved_whole_series,cD2,244.26965244404465,1.3101113738405946e-17
saved_whole_series,cD2,248.9823645405189,1.2175027579706024e-17
saved_whole_series,cD2,253.7859993328012,1.1231074373672032e-17
saved_whole_series,cD2,258.68231099904665,1.0814830176950124e-17
saved_whole_series,cD2,263.6730875608972,1.0849856259598719e-17
saved_whole_series,cD2,268.7601515364256,1.088555810299671e-17
saved_whole_series,cD2,273.94536060567816,1.0921948744645178e-17
saved_whole_series,cD2,279.2306082890559,1.0959041473578658e-17
saved_whole_series,cD2,284.61782463878706,1.099684983521799e-17
saved_whole_series,cD2,290.1089769437368,1.1035387636316799e-17
saved_whole_series,cD2,295.7060704478174,1.107466895000341e-17
saved_whole_series,cD2,301.4111490822561,1.1114708120920028e-17
saved_whole_series,cD2,307.2262962119944,1.1155519770461081e-17
saved_whole_series,cD2,313.1536353964843,1.1197118802112624e-17
saved_whole_series,cD2,319.1953311651634,1.1239520406894737e-17
saved_whole_series,cD2,325.3535898078933,1.128274006890896e-17
saved_whole_series,cD2,331.6306601806454,1.132679357099272e-17
saved_whole_series,cD2,338.0288345267327,1.1371697000482875e-17
saved_whole_series,cD2,344.5504493138833,1.136994823817749e-17
saved_whole_series,cD2,351.1978860874675,1.1318414849487079e-17
saved_whole_series,cD2,357.9735723401825,1.1265887223396225e-17
saved_whole_series,cD2,364.8799823985184,1.1212346178010747e-17
saved_whole_series,cD2,371.9196383263243,1.1157772161358801e-17
saved_whole_series,cD2,379.0951108458109,1.110214524425092e-17
saved_whole_series,cD2,386.4090202763185,1.104544511300235e-17
saved_whole_series,cD2,393.86403749119825,1.0987651062014944e-17
saved_whole_series,cD2,401.46288489315356,1.0928741986215955e-17
saved_whole_series,cD2,409.20833740840123,1.0868696373350931e-17
saved_whole_series,cD2,417.1032235000108,1.0807492296127939e-17
saved_whole_series,cD2,425.1504262007932,1.0745107404210218e-17
saved_whole_series,cD2,433.3528841661216,1.0681518916054343e-17
saved_whole_series,cD2,441.7135927470597,1.0616703610590908e-17
saved_whole_series,cD2,450.2356050841965,1.0550637818744749e-17
saved_whole_series,cD2,458.9220332225824,1.0483297414791515e-17
saved_whole_series,cD2,467.7760492481795,1.0414657807547507e-17
saved_whole_series,cD2,476.80088644623385,1.0344693931389536e-17
saved_whole_series,cD2,485.9998404819983,1.027338023710153e-17
saved_whole_series,cD2,495.3762706042327,1.0200690682544542e-17
saved_whole_series,cD2,504.9336008719279,1.0126598723146757e-17
saved_whole_series,cD2,514.6753214046926,1.366225316223188e-11
saved_whole_series,cD2,524.6049896572661,6.437075541391547e-11
saved_whole_series,cD2,534.7262317186182,1.160575804722346e-10
saved_whole_series,cD2,545.0427436361176,1.6874160318995792e-10
saved_whole_series,cD2,555.5582927652417,2.2244206257375274e-10
saved_whole_series,cD2,566.276719145331,2.7717856880983926e-10
saved_whole_series,cD2,577.2019369018808,3.3297111042517055e-10
saved_whole_series,cD2,588.3379356758954,3.8984006158680836e-10
saved_whole_series,cD2,599.6887820808116,4.4780618954209345e-10
saved_whole_series,cD2,611.2586211875322,5.068906622023661e-10
saved_whole_series,cD2,623.0516780381147,5.671150558730216e-10
saved_whole_series,cD2,635.0722591886586,6.285013631326747e-10
saved_whole_series,cD2,647.3247542819628,6.910720008643567e-10
saved_whole_series,cD2,659.8136376505205,7.548498184416348e-10
saved_whole_series,cD2,672.5434699504481,8.198581060727079e-10
saved_whole_series,cD2,685.5188998269297,8.861206033054432e-10
saved_whole_series,cD2,698.7446656117985,9.536615076965283e-10
saved_whole_series,cD2,712.2255970538649,1.0225054836478547e-09
saved_whole_series,cD2,725.9666170826351,1.0926776714134163e-09
saved_whole_series,cD2,739.9727436060498,1.1642036962799435e-09
saved_whole_series,cD2,754.2490913429119,1.2371096779246846e-09
saved_whole_series,cD2,768.8008736906626,1.3114222399537011e-09
saved_whole_series,cD2,783.6334046291995,1.387168519624226e-09
saved_whole_series,cD2,798.7521006614194,1.4643761777545616e-09
saved_whole_series,cD2,814.1624827911994,1.5430734088251697e-09
saved_whole_series,cD2,829.8701785395466,1.6232889512746762e-09
saved_whole_series,cD2,845.8809239996378,1.7050520979944825e-09
saved_whole_series,cD2,862.2005659315118,1.7883927070258696e-09
saved_whole_series,cD2,878.8350638971696,1.873341212463457e-09
saved_whole_series,cD2,895.7904924368759,1.95992863556907e-09
saved_whole_series,cD2,913.0730432874402,2.048186596099982e-09
saved_whole_series,cD2,930.6890276432995,2.1381473238557355e-09
saved_whole_series,cD2,948.6448784612195,2.2298436704477188e-09
saved_whole_series,cD2,966.9471528094692,2.3233091212958493e-09
saved_whole_series,cD2,985.6025342623101,2.4185778078566746e-09
saved_whole_series,cD2,1004.6178353406866,2.5156845200874074e-09
saved_whole_series,cD1,0.5,0.004625684353318452
saved_whole_series,cD1,0.5096465362138136,0.013986005651429623
saved_whole_series,cD1,0.5194791837494761,0.009350974835593611
saved_whole_series,cD1,0.5295015332661994,0.009688574151363866
saved_whole_series,cD1,0.539717244698044,0.0083257550659305
saved_whole_series,cD1,0.5501300485904428,0.011246026711022846
saved_whole_series,cD1,0.5607437474625123,0.008642284412050559
saved_whole_series,cD1,0.5715622171956457,0.007653459634913574
saved_whole_series,cD1,0.5825894084488966,0.008656737943393304
saved_whole_series,cD1,0.5938293481016697,0.007990109997966458
saved_whole_series,cD1,0.6052861407242459,0.007352222910494738
saved_whole_series,cD1,0.6169639700766778,0.012631165072085997
saved_whole_series,cD1,0.6288671006366037,0.013910296838775607
saved_whole_series,cD1,0.6409998791565376,0.00842993818241296
saved_whole_series,cD1,0.653366736251205,0.008581256391565782
saved_whole_series,cD1,0.665972188015502,0.0073328209334156125
saved_whole_series,cD1,0.6788208376736705,0.009780462068441305
saved_whole_series,cD1,0.6919173772602912,0.012335787371873469
saved_whole_series,cD1,0.705266589333708,0.011444460355922613
saved_whole_series,cD1,0.7188733487225089,0.010770127129559525
saved_whole_series,cD1,0.7327426243057032,0.010695279057508417
saved_whole_series,cD1,0.7468794808272429,0.01674126600865462
saved_whole_series,cD1,0.7612890807455516,0.0117400247862735
saved_whole_series,cD1,0.7759766861187373,0.008651793102491406
saved_whole_series,cD1,0.7909476605261763,0.00830481199561584
saved_whole_series,cD1,0.8062074710271702,0.012314443017863745
saved_whole_series,cD1,0.8217616901573916,0.010055202880288735
saved_whole_series,cD1,0.8376159979638477,0.009576677234743076
saved_whole_series,cD1,0.8537761840791034,0.007660708355259204
saved_whole_series,cD1,0.8702481498355248,0.008630799595623732
saved_whole_series,cD1,0.8870379104203103,0.0091653198518069
saved_whole_series,cD1,0.9041515970721005,0.01000309556890354
saved_whole_series,cD1,0.9215954593199674,0.009540795129313226
saved_whole_series,cD1,0.9393758672656,0.008757119111302046
saved_whole_series,cD1,0.9574993139095204,0.009129483371077128
saved_whole_series,cD1,0.9759724175221802,0.0071375372438654905
saved_whole_series,cD1,0.9948019240608021,0.008493062679111362
saved_whole_series,cD1,1.0139947096328503,0.005383852302656884
saved_whole_series,cD1,1.0335577830070277,0.005229195689944774
saved_whole_series,cD1,1.0534982881727202,0.005574515311262687
saved_whole_series,cD1,1.073823506948818,0.0073264251951390595
saved_whole_series,cD1,1.0945408616428702,0.004391864107663705
saved_whole_series,cD1,1.1156579177615438,0.005073178687649574
saved_whole_series,cD1,1.137182386773373,0.005264259993742661
saved_whole_series,cD1,1.159122128924814,0.004019098452121549
saved_whole_series,cD1,1.1814851561106259,0.003098509533396804
saved_whole_series,cD1,1.2042796347996347,0.002322848427270931
saved_whole_series,cD1,1.2275138890169406,0.0024258778995143704
saved_whole_series,cD1,1.251196403383663,0.0026502058081232633
saved_whole_series,cD1,1.2753358262153307,0.001955516776847868
saved_whole_series,cD1,1.2999409726800508,0.001997877981980595
saved_whole_series,cD1,1.3250208280176075,0.0016475419044609677
saved_whole_series,cD1,1.3505845508206658,0.001838265089920343
saved_whole_series,cD1,1.3766414763792836,0.0012631599508692193
saved_whole_series,cD1,1.4032011200899448,0.0009499943780197727
saved_whole_series,cD1,1.4302731809303677,0.0011643139545068626
saved_whole_series,cD1,1.4578675450013503,0.0010326606070158722
saved_whole_series,cD1,1.4859942891369484,0.0008955254464576854
saved_whole_series,cD1,1.5146636845843082,0.000952328363764914
saved_whole_series,cD1,1.54388620075449,0.0007404598908393066
saved_whole_series,cD1,1.573672509045661,0.0006211224265696496
saved_whole_series,cD1,1.6040334867400448,0.0005679190954037053
saved_whole_series,cD1,1.63498022097606,0.00048589752824651023
saved_whole_series,cD1,1.6665240127970893,0.0005157763616660955
saved_whole_series,cD1,1.6986763812783636,0.0003679444855473997
saved_whole_series,cD1,1.7314490677334669,0.00042453531429116945
saved_whole_series,cD1,1.7648540400019963,0.00023949191879709265
saved_whole_series,cD1,1.7989034968199455,0.0002531829790558228
saved_whole_series,cD1,1.8336098722744048,0.00026583521720649294
saved_whole_series,cD1,1.8689858403442072,0.00021687413483527024
saved_whole_series,cD1,1.9050443195281779,0.00015685557159239214
saved_whole_series,cD1,1.9417984775626749,0.000150491291200639
saved_whole_series,cD1,1.979261736230148,0.00012605120276435423
saved_whole_series,cD1,2.017447776260468,9.476888363424715e-05
saved_whole_series,cD1,2.056370542326817,0.0001023007432435375
saved_whole_series,cD1,2.0960442481379675,8.05677699765389e-05
saved_whole_series,cD1,2.1364833816288047,6.455382532008643e-05
saved_whole_series,cD1,2.1777027102509914,6.202426303647277e-05
saved_whole_series,cD1,2.2197172863657038,6.155151777092887e-05
saved_whole_series,cD1,2.262542452740414,4.355051098133387e-05
saved_whole_series,cD1,2.306193848151716,4.383496222218433e-05
saved_whole_series,cD1,2.3506874130962556,3.562411943524338e-05
saved_whole_series,cD1,2.3960393956118335,3.626474094049866e-05
saved_whole_series,cD1,2.442266357210821,3.967333343492311e-05
saved_whole_series,cD1,2.4893851789280466,2.1983248384466267e-05
saved_whole_series,cD1,2.5374130674853674,1.4872365726398135e-05
saved_whole_series,cD1,2.5863675615751704,1.4750790867495748e-05
saved_whole_series,cD1,2.6362665382651063,1.94125369521229e-05
saved_whole_series,cD1,2.687128219526386,1.5881521139776043e-05
saved_whole_series,cD1,2.7389711788880295,1.3465829426921385e-05
saved_whole_series,cD1,2.7918143482195,8.629354285968043e-06
saved_whole_series,cD1,2.845677024644188,7.613376101295163e-06
saved_whole_series,cD1,2.900578877586283,9.575460761400109e-06
saved_whole_series,cD1,2.956539955953601,6.5246421060627205e-06
saved_whole_series,cD1,3.013580695458988,7.112039116994565e-06
saved_whole_series,cD1,3.0717219260829776,4.389676959794325e-06
saved_whole_series,cD1,3.130984879680427,4.49371601951651e-06
saved_whole_series,cD1,3.191391197733908,3.0085597985720356e-06
saved_whole_series,cD1,3.2529629392566797,2.722689030084966e-06
saved_whole_series,cD1,3.3157225888481467,3.702724526054232e-06
saved_whole_series,cD1,3.379693064904713,1.6697475985278866e-06
saved_whole_series,cD1,3.4448977279890705,2.376342151978696e-06
saved_whole_series,cD1,3.5113603893609313,1.5351787093512814e-06
saved_whole_series,cD1,3.579105319672374,1.5527754196160236e-06
saved_whole_series,cD1,3.6481572578309183,1.2963604310616235e-06
saved_whole_series,cD1,3.7185414200336253,9.528490345587128e-07
saved_whole_series,cD1,3.790283508975467,1.1989922878720384e-06
saved_whole_series,cD1,3.863409723235371,7.173665232386074e-07
saved_whole_series,cD1,3.9379467668433517,7.894363830435328e-07
saved_whole_series,cD1,4.0139218590322,4.76371433262619e-07
saved_whole_series,cD1,4.091362744177346,4.648951673785218e-07
saved_whole_series,cD1,4.170297701928455,4.874868304422003e-07
saved_whole_series,cD1,4.250755557536529,2.6402726735638493e-07
saved_whole_series,cD1,4.332765692380219,3.335028040785622e-07
saved_whole_series,cD1,4.41635805469525,3.298072760558417e-07
saved_whole_series,cD1,4.50156317051082,2.536196388521469e-07
saved_whole_series,cD1,4.588412154797026,1.630594396145326e-07
saved_whole_series,cD1,4.676936722827329,2.3648921467352783e-07
saved_whole_series,cD1,4.767169201760267,1.4176156919245983e-07
saved_whole_series,cD1,4.859142542444581,1.4947712808040775e-07
saved_whole_series,cD1,4.952890331452131,1.22871912145638e-07
saved_whole_series,cD1,5.04844680334293,1.1108984159289812e-07
saved_whole_series,cD1,5.145846853166851,8.292382903916054e-08
saved_whole_series,cD1,5.245126049206475,5.8252072397732355e-08
saved_whole_series,cD1,5.346320645965852,7.717005304584145e-08
saved_whole_series,cD1,5.449467597409789,6.615238433936543e-08
saved_whole_series,cD1,5.554604570458625,4.3505826774846275e-08
saved_whole_series,cD1,5.661769958743311,3.1275444742338943e-08
saved_whole_series,cD1,5.7710028966259115,3.414494856730406e-08
saved_whole_series,cD1,5.882343273490564,3.5231843375511854e-08
saved_whole_series,cD1,5.995831748310182,2.8202882327758952e-08
saved_whole_series,cD1,6.111509764494199,1.8883025751856983e-08
saved_whole_series,cD1,6.229419565022735,1.2694965914628439e-08
saved_whole_series,cD1,6.349604207872799,1.5056971510980177e-08
saved_whole_series,cD1,6.472107581742054,1.780252880012395e-08
saved_whole_series,cD1,6.596974422076001,1.2840218368250981e-08
saved_whole_series,cD1,6.724250327404317,8.124767818580052e-09
saved_whole_series,cD1,6.853981775992426,8.944768563817584e-09
saved_whole_series,cD1,6.986216142814284,7.448309872576296e-09
saved_whole_series,cD1,7.1210017168526605,7.293237516018712e-09
saved_whole_series,cD1,7.258387718733156,6.293855391943449e-09
saved_whole_series,cD1,7.398424318698476,5.245364989454749e-09
saved_whole_series,cD1,7.541162654929443,3.1255635648761704e-09
saved_whole_series,cD1,7.686654852219517,4.4784166270403945e-09
saved_whole_series,cD1,7.834954041009559,3.5824095343220117e-09
saved_whole_series,cD1,7.98611437678989,2.956757806192623e-09
saved_whole_series,cD1,8.140191059876614,3.1062613144834577e-09
saved_whole_series,cD1,8.297240355569535,2.7595602299276663e-09
saved_whole_series,cD1,8.457319614698973,1.7359838834103796e-09
saved_whole_series,cD1,8.620487294568951,1.4154737611170254e-09
saved_whole_series,cD1,8.786802980304513,1.3214704064543848e-09
saved_whole_series,cD1,8.956327406610816,1.2388936760656396e-09
saved_whole_series,cD1,9.129122479952105,1.0704154694659004e-09
saved_whole_series,cD1,9.3052513011585,1.1376267595355904e-09
saved_whole_series,cD1,9.484778188469026,5.75806519808955e-10
saved_whole_series,cD1,9.667768701019135,6.762652337200494e-10
saved_whole_series,cD1,9.854289662781447,4.018921968484167e-10
saved_whole_series,cD1,10.044409186968307,4.179953163250277e-10
saved_whole_series,cD1,10.238196700905213,3.581220251016066e-10
saved_whole_series,cD1,10.43572297138407,3.0941818283710497e-10
saved_whole_series,cD1,10.63706013050564,2.8740602045791105e-10
saved_whole_series,cD1,10.842281702020514,2.168642985979463e-10
saved_whole_series,cD1,11.051462628178331,2.0509927627431642e-10
saved_whole_series,cD1,11.264679297094995,1.7820118934915265e-10
saved_whole_series,cD1,11.48200957064784,1.2063793337421478e-10
saved_whole_series,cD1,11.70353281290906,1.259905759669171e-10
saved_whole_series,cD1,11.929329919127625,1.5014933211285323e-10
saved_whole_series,cD1,12.159483345270418,1.1983008363874498e-10
saved_whole_series,cD1,12.394077138133245,7.998379405872914e-11
saved_whole_series,cD1,12.633196966032852,8.083806482902054e-11
saved_whole_series,cD1,12.876930150091003,5.788946632352619e-11
saved_whole_series,cD1,13.12536569612221,5.682887738451759e-11
saved_whole_series,cD1,13.378594327136586,4.410914534511393e-11
saved_whole_series,cD1,13.636708516469879,3.278873209133946e-11
saved_whole_series,cD1,13.899802521552571,2.977038786364642e-11
saved_whole_series,cD1,14.167972418330605,2.8504988786272976e-11
saved_whole_series,cD1,14.441316136350085,3.194691887080549e-11
saved_whole_series,cD1,14.719933494518948,2.3971789618593364e-11
saved_whole_series,cD1,15.003926237558561,1.6580480824285408e-11
saved_whole_series,cD1,15.293398073158553,1.4680083364695234e-11
saved_whole_series,cD1,15.58845470984854,1.3434301412425609e-11
saved_whole_series,cD1,15.889203895600431,1.1256871292388971e-11
saved_whole_series,cD1,16.195755457175594,9.719682135004657e-12
saved_whole_series,cD1,16.508221340231017,8.260993396938429e-12
saved_whole_series,cD1,16.8267156501994,6.110412074035547e-12
saved_whole_series,cD1,17.15135469395778,6.645300379567524e-12
saved_whole_series,cD1,17.48225702230024,6.673362299433714e-12
saved_whole_series,cD1,17.81954347322987,5.5592063992529384e-12
saved_whole_series,cD1,18.163337216086152,4.469404924201516e-12
saved_whole_series,cD1,18.513763796523516,3.695877099345883e-12
saved_whole_series,cD1,18.87095118235783,4.003209757718962e-12
saved_whole_series,cD1,19.235029810297274,3.3229182997680267e-12
saved_whole_series,cD1,19.606132633574916,2.36366101102124e-12
saved_whole_series,cD1,19.984395170500147,1.7153816565023055e-12
saved_whole_series,cD1,20.369955553946927,1.4032535818766793e-12
saved_whole_series,cD1,20.76295458179678,1.3050751509022082e-12
saved_whole_series,cD1,21.163535768354915,1.0078846734910546e-12
saved_whole_series,cD1,21.571845396758473,8.291123936903438e-13
saved_whole_series,cD1,21.988032572395706,8.573406492820744e-13
saved_whole_series,cD1,22.412249277355972,8.21611021834961e-13
saved_whole_series,cD1,22.84465042593003,6.280111266830896e-13
saved_whole_series,cD1,23.28539392118133,4.913075242424226e-13
saved_whole_series,cD1,23.73464071260851,4.4750699476650976e-13
saved_whole_series,cD1,24.192554854920584,4.3443325791174714e-13
saved_whole_series,cD1,24.659303567945905,4.3926605899904384e-13
saved_whole_series,cD1,25.135057297697138,4.069155568520374e-13
saved_whole_series,cD1,25.619989778614165,2.881559773412061e-13
saved_whole_series,cD1,26.114278097008047,2.9788789468526163e-13
saved_whole_series,cD1,26.618102755728817,2.881756471720033e-13
saved_whole_series,cD1,27.131647740081124,2.4824174293129436e-13
saved_whole_series,cD1,27.655100585011386,1.6715888538076297e-13
saved_whole_series,cD1,28.188652443591323,1.282201358015443e-13
saved_whole_series,cD1,28.73249815682275,1.0459429308349415e-13
saved_whole_series,cD1,29.286836324788993,9.325429510049098e-14
saved_whole_series,cD1,29.85186937917922,7.843346233429624e-14
saved_whole_series,cD1,30.427803657211786,6.038272333958119e-14
saved_whole_series,cD1,31.014849476984,3.941233116146026e-14
saved_whole_series,cD1,31.613221214275406,3.4537631870908417e-14
saved_whole_series,cD1,32.22313738083303,3.0790195574483205e-14
saved_whole_series,cD1,32.84482070416682,2.83405099822688e-14
saved_whole_series,cD1,33.47849820888475,2.5148797267865966e-14
saved_whole_series,cD1,34.12440129959695,2.1598049311976387e-14
saved_whole_series,cD1,34.7827658454195,2.0793542537120306e-14
saved_whole_series,cD1,35.453832266108364,1.9518649172146907e-14
saved_whole_series,cD1,36.137845619855355,1.6366544035292486e-14
saved_whole_series,cD1,36.835055692777644,1.3246158070685709e-14
saved_whole_series,cD1,37.54571709013408,1.0220693797119578e-14
saved_whole_series,cD1,38.27008932930125,8.311050685986779e-15
saved_whole_series,cD1,39.00843693454322,7.686759912553487e-15
saved_whole_series,cD1,39.7610295336099,7.284952458678265e-15
saved_whole_series,cD1,40.52814195619885,7.11429578577931e-15
saved_whole_series,cD1,41.310054334316966,6.390287161871085e-15
saved_whole_series,cD1,42.10705220457815,4.960615780040619e-15
saved_whole_series,cD1,42.91942661247497,3.8253769438945e-15
saved_whole_series,cD1,43.74747421866168,3.3949376933496824e-15
saved_whole_series,cD1,44.59149740728809,2.9483648427671497e-15
saved_whole_series,cD1,45.451804396423235,2.4046024881989e-15
saved_whole_series,cD1,46.32870935060979,1.850349287140527e-15
saved_whole_series,cD1,47.22253249558958,1.5506660330658118e-15
saved_whole_series,cD1,48.133600235242994,1.3317549147887978e-15
saved_whole_series,cD1,49.062245270784004,1.151143253192388e-15
saved_whole_series,cD1,50.008806722255244,1.0577201403886768e-15
saved_whole_series,cD1,50.97363025236692,9.6249460870323e-16
saved_whole_series,cD1,51.95706819272496,8.536672571555334e-16
saved_whole_series,cD1,52.95947967249436,7.391547017533331e-16
saved_whole_series,cD1,53.98123074954523,6.257490991085537e-16
saved_whole_series,cD1,55.02269454412866,5.467059509131901e-16
saved_whole_series,cD1,56.08425137513179,4.661378175347819e-16
saved_whole_series,cD1,57.16628889896145,3.913631348106753e-16
saved_whole_series,cD1,58.269202251107764,3.368705093620525e-16
saved_whole_series,cD1,59.39339419043843,2.8132655374387835e-16
saved_whole_series,cD1,60.53927524627722,2.3335177878448186e-16
saved_whole_series,cD1,61.7072638683197,2.0884449985656725e-16
saved_whole_series,cD1,62.897786579441885,1.8386440022129236e-16
saved_whole_series,cD1,64.11127813145649,1.5882594676538433e-16
saved_whole_series,cD1,65.34818166387448,1.375810348236456e-16
saved_whole_series,cD1,66.60894886572933,1.159262432570977e-16
saved_whole_series,cD1,67.89404014052396,9.385366422845095e-17
saved_whole_series,cD1,69.20392477435938,8.027164600471155e-17
saved_whole_series,cD1,70.53908110730714,7.004088541566204e-17
saved_whole_series,cD1,71.89999670808868,5.96127420215782e-17
saved_whole_series,cD1,73.28716855212397,4.949391071754472e-17
saved_whole_series,cD1,74.70110320301589,4.3661311479677477e-17
saved_whole_series,cD1,76.14231699753532,3.771618348227307e-17
saved_whole_series,cD1,77.61133623417611,3.165635569982321e-17
saved_whole_series,cD1,79.10869736534697,2.6515785940613857e-17
saved_whole_series,cD1,80.63494719327193,2.4878525170287528e-17
saved_whole_series,cD1,82.1906430696696,2.3209676609336476e-17
saved_whole_series,cD1,83.77635309928597,2.1508630832228266e-17
saved_whole_series,cD1,85.39265634735295,1.9773652692628747e-17
saved_whole_series,cD1,87.04014305105,1.7975400567164962e-17
saved_whole_series,cD1,88.71941483504492,1.6142454633201586e-17
saved_whole_series,cD1,90.43108493119412,1.4274145540578323e-17
saved_whole_series,cD1,92.17577840248063,1.2369791025313782e-17
saved_whole_series,cD1,93.95413237127259,1.0755136019233608e-17
saved_whole_series,cD1,95.76679625198642,9.462076004031498e-18
saved_whole_series,cD1,97.61443198823778,8.144068888302839e-18
saved_whole_series,cD1,99.49771429456864,6.800633365830212e-18
saved_whole_series,cD1,101.4173309028371,5.43127884452075e-18
saved_whole_series,cD1,103.37398281336215,4.486766380016665e-18
saved_whole_series,cD1,105.36838455091261,3.988100826907775e-18
saved_whole_series,cD1,107.40126442563553,3.479814483165563e-18
saved_whole_series,cD1,109.47336479901804,2.961721734179585e-18
saved_whole_series,cD1,111.58544235498152,2.433633384263196e-18
saved_whole_series,cD1,113.73826837620499,1.8953565875636807e-18
saved_whole_series,cD1,115.93262902578012,1.788640919835716e-18
saved_whole_series,cD1,118.1693256342997,1.6881258375100703e-18
saved_whole_series,cD1,120.44917499248609,1.5856715104210465e-18
saved_whole_series,cD1,122.77300964946404,1.481240524578971e-18
saved_whole_series,cD1,125.14167821678903,1.3747947441633496e-18
saved_whole_series,cD1,127.55604567834034,1.2662952975965602e-18
saved_whole_series,cD1,130.01699370619426,1.1817701813794624e-18
saved_whole_series,cD1,132.52542098259033,1.1014626768896052e-18
saved_whole_series,cD1,135.08224352810922,1.0196057938991478e-18
saved_whole_series,cD1,137.68839503618338,9.361696401364559e-19
saved_whole_series,cD1,140.3448272140602,8.511237466161377e-19
saved_whole_series,cD1,143.052510130344,7.644370565124556e-19
saved_whole_series,cD1,145.81243256924256,6.76077913818096e-19
saved_whole_series,cD1,148.62560239164944,6.35832798674975e-19
saved_whole_series,cD1,151.49304690319124,6.050823210139276e-19
saved_whole_series,cD1,154.41581322937657,5.737385721601799e-19
saved_whole_series,cD1,157.39496869798185,5.4179010608964515e-19
saved_whole_series,cD1,160.4316012288161,5.0922525594926005e-19
saved_whole_series,cD1,163.52681973100383,4.760321297965217e-19
saved_whole_series,cD1,166.68175450793376,4.421986062568174e-19
saved_whole_series,cD1,169.89755767001927,4.0771233009698156e-19
saved_whole_series,cD1,173.17540355542388,3.939729337576648e-19
saved_whole_series,cD1,176.5164891589024,3.8665950289138766e-19
saved_whole_series,cD1,179.92203456891554,3.792049734737134e-19
saved_whole_series,cD1,183.39328341317966,3.7160662328007003e-19
saved_whole_series,cD1,186.93150331281046,3.638616775658102e-19
saved_whole_series,cD1,190.5379863452299,3.5596730805293675e-19
saved_whole_series,cD1,194.21404951600263,3.479206318972814e-19
saved_whole_series,cD1,197.9610352397776,3.397187106357533e-19
saved_whole_series,cD1,201.78031183050666,3.313585491132809e-19
saved_whole_series,cD1,205.673274001122,3.2463465913476574e-19
saved_whole_series,cD1,209.64134337285284,3.241167530703347e-19
saved_whole_series,cD1,213.6859689943703,3.2358885500669187e-19
saved_whole_series,cD1,217.80862787094637,3.230507721674728e-19
saved_whole_series,cD1,222.01082550382282,3.2250230805706465e-19
saved_whole_series,cD1,226.29409643998534,3.2194326238885047e-19
saved_whole_series,cD1,230.66000483254638,3.21373431012069e-19
saved_whole_series,cD1,235.11014501193776,3.2079260583726374e-19
saved_whole_series,cD1,239.64614206812294,3.2020057476029323e-19
saved_whole_series,cD1,244.26965244404465,3.1959712158487537e-19
saved_whole_series,cD1,248.9823645405189,3.189820259436374e-19
saved_whole_series,cD1,253.7859993328012,3.183550632176431e-19
saved_whole_series,cD1,258.68231099904665,3.180823737551602e-19
saved_whole_series,cD1,263.6730875608972,3.1811266169179946e-19
saved_whole_series,cD1,268.7601515364256,3.1814353397579397e-19
saved_whole_series,cD1,273.94536060567816,3.181750018809996e-19
saved_whole_series,cD1,279.2306082890559,3.1820707689877953e-19
saved_whole_series,cD1,284.61782463878706,3.1823977074220057e-19
saved_whole_series,cD1,290.1089769437368,3.1827309535031067e-19
saved_whole_series,cD1,295.7060704478174,3.183070628924987e-19
saved_whole_series,cD1,301.4111490822561,3.183416857729383e-19
saved_whole_series,cD1,307.2262962119944,3.1837697663511787e-19
saved_whole_series,cD1,313.1536353964843,3.1841294836645754e-19
saved_whole_series,cD1,319.1953311651634,3.1844961410301526e-19
saved_whole_series,cD1,325.3535898078933,3.1848698723428404e-19
saved_whole_series,cD1,331.6306601806454,3.1852508140808115e-19
saved_whole_series,cD1,338.0288345267327,3.185639105355325e-19
saved_whole_series,cD1,344.5504493138833,3.1850265267546433e-19
saved_whole_series,cD1,351.1978860874675,3.183346396663628e-19
saved_whole_series,cD1,357.9735723401825,3.181633851701081e-19
saved_whole_series,cD1,364.8799823985184,3.1798882664845345e-19
saved_whole_series,cD1,371.9196383263243,3.178109003565977e-19
saved_whole_series,cD1,379.0951108458109,3.1762954131990636e-19
saved_whole_series,cD1,386.4090202763185,3.174446833101848e-19
saved_whole_series,cD1,393.86403749119825,3.172562588214928e-19
saved_whole_series,cD1,401.46288489315356,3.1706419904549327e-19
saved_whole_series,cD1,409.20833740840123,3.168684338463251e-19
saved_whole_series,cD1,417.1032235000108,3.1666889173499043e-19
saved_whole_series,cD1,425.1504262007932,3.164654998432495e-19
saved_whole_series,cD1,433.3528841661216,3.1625818389701e-19
saved_whole_series,cD1,441.7135927470597,3.1604686818920426e-19
saved_whole_series,cD1,450.2356050841965,3.158314755521428e-19
saved_whole_series,cD1,458.9220332225824,3.156119273293341e-19
saved_whole_series,cD1,467.7760492481795,3.153881433467614e-19
saved_whole_series,cD1,476.80088644623385,3.1516004188360477e-19
saved_whole_series,cD1,485.9998404819983,3.149275396423986e-19
saved_whole_series,cD1,495.3762706042327,3.1469055171861324e-19
saved_whole_series,cD1,504.9336008719279,3.144489915696498e-19
saved_whole_series,cD1,514.6753214046926,7.364648210224231e-15
saved_whole_series,cD1,524.6049896572661,3.4697959563194566e-14
saved_whole_series,cD1,534.7262317186182,6.255861447178321e-14
saved_whole_series,cD1,545.0427436361176,9.095678701340435e-14
saved_whole_series,cD1,555.5582927652417,1.1990284755468306e-13
saved_whole_series,cD1,566.276719145331,1.4940736653848092e-13
saved_whole_series,cD1,577.2019369018808,1.7948111834397377e-13
saved_whole_series,cD1,588.3379356758954,2.1013508522122068e-13
saved_whole_series,cD1,599.6887820808116,2.413804613016258e-13
saved_whole_series,cD1,611.2586211875322,2.732286566857772e-13
saved_whole_series,cD1,623.0516780381147,3.056913016101641e-13
saved_whole_series,cD1,635.0722591886586,3.3878025069426953e-13
saved_whole_series,cD1,647.3247542819628,3.7250758726961063e-13
saved_whole_series,cD1,659.8136376505205,4.0688562779228866e-13
saved_whole_series,cD1,672.5434699504481,4.419269263406909e-13
saved_whole_series,cD1,685.5188998269297,4.776442791999455e-13
saved_whole_series,cD1,698.7446656117985,5.140507295348385e-13
saved_whole_series,cD1,712.2255970538649,5.511595721528736e-13
saved_whole_series,cD1,725.9666170826351,5.889843583592443e-13
saved_whole_series,cD1,739.9727436060498,6.275389009054535e-13
saved_whole_series,cD1,754.2490913429119,6.668372790334228e-13
saved_whole_series,cD1,768.8008736906626,7.068938436169014e-13
saved_whole_series,cD1,783.6334046291995,7.47723222402091e-13
saved_whole_series,cD1,798.7521006614194,7.893403253493604e-13
saved_whole_series,cD1,814.1624827911994,8.317603500780173e-13
saved_whole_series,cD1,829.8701785395466,8.749987874161458e-13
saved_whole_series,cD1,845.8809239996378,9.190714270574963e-13
saved_whole_series,cD1,862.2005659315118,9.639943633275265e-13
saved_whole_series,cD1,878.8350638971696,1.009784001060674e-12
saved_whole_series,cD1,895.7904924368759,1.0564570615910414e-12
saved_whole_series,cD1,913.0730432874402,1.1040305888586405e-12
saved_whole_series,cD1,930.6890276432995,1.1525219556334533e-12
saved_whole_series,cD1,948.6448784612195,1.2019488698595651e-12
saved_whole_series,cD1,966.9471528094692,1.2523293811217151e-12
saved_whole_series,cD1,985.6025342623101,1.3036818872365868e-12
saved_whole_series,cD1,1004.6178353406866,1.3560251409712756e-12
causal_trailing_window,cA3,0.5,0.00024972275446695524
causal_trailing_window,cA3,0.5096465362138136,0.0006790146131182695
causal_trailing_window,cA3,0.5194791837494761,0.0005308741707094728
causal_trailing_window,cA3,0.5295015332661994,0.0005545033255879115
causal_trailing_window,cA3,0.539717244698044,0.0005323248589953651
causal_trailing_window,cA3,0.5501300485904428,0.0006836079962732057
causal_trailing_window,cA3,0.5607437474625123,0.0005315139804848955
causal_trailing_window,cA3,0.5715622171956457,0.0005239878938257267
causal_trailing_window,cA3,0.5825894084488966,0.0005266879383188852
causal_trailing_window,cA3,0.5938293481016697,0.0005798200696554791
causal_trailing_window,cA3,0.6052861407242459,0.0005134351785775679
causal_trailing_window,cA3,0.6169639700766778,0.0009049127424414613
causal_trailing_window,cA3,0.6288671006366037,0.0009022845059194886
causal_trailing_window,cA3,0.6409998791565376,0.0006497080793631885
causal_trailing_window,cA3,0.653366736251205,0.000749664894779909
causal_trailing_window,cA3,0.665972188015502,0.0006844662024672541
causal_trailing_window,cA3,0.6788208376736705,0.000865778638907659
causal_trailing_window,cA3,0.6919173772602912,0.001015325946248483
causal_trailing_window,cA3,0.705266589333708,0.000965500934563633
causal_trailing_window,cA3,0.7188733487225089,0.0010558675956995661
causal_trailing_window,cA3,0.7327426243057032,0.001089666910120153
causal_trailing_window,cA3,0.7468794808272429,0.0015811220044389452
causal_trailing_window,cA3,0.7612890807455516,0.0014488770819828208
causal_trailing_window,cA3,0.7759766861187373,0.001040465788619067
causal_trailing_window,cA3,0.7909476605261763,0.001216222467642445
causal_trailing_window,cA3,0.8062074710271702,0.0016824056526095858
causal_trailing_window,cA3,0.8217616901573916,0.0014992850611492109
causal_trailing_window,cA3,0.8376159979638477,0.001602842311020289
causal_trailing_window,cA3,0.8537761840791034,0.0015742007086678473
causal_trailing_window,cA3,0.8702481498355248,0.0018803746272335886
causal_trailing_window,cA3,0.8870379104203103,0.001795051204581947
causal_trailing_window,cA3,0.9041515970721005,0.0017803969130511846
causal_trailing_window,cA3,0.9215954593199674,0.0016814614993480553
causal_trailing_window,cA3,0.9393758672656,0.0020719972843851343
causal_trailing_window,cA3,0.9574993139095204,0.0019250843465843715
causal_trailing_window,cA3,0.9759724175221802,0.0024092191453227293
causal_trailing_window,cA3,0.9948019240608021,0.0021402464401608693
causal_trailing_window,cA3,1.0139947096328503,0.0020303032295896713
causal_trailing_window,cA3,1.0335577830070277,0.001832833058119918
causal_trailing_window,cA3,1.0534982881727202,0.002210243949539258
causal_trailing_window,cA3,1.073823506948818,0.002192782494733352
causal_trailing_window,cA3,1.0945408616428702,0.002167509225717422
causal_trailing_window,cA3,1.1156579177615438,0.0023110314098747607
causal_trailing_window,cA3,1.137182386773373,0.0024382667572708074
causal_trailing_window,cA3,1.159122128924814,0.001866338694397078
causal_trailing_window,cA3,1.1814851561106259,0.0017358973472191344
causal_trailing_window,cA3,1.2042796347996347,0.0019304587177765445
causal_trailing_window,cA3,1.2275138890169406,0.00211232397403513
causal_trailing_window,cA3,1.251196403383663,0.002223532874574634
causal_trailing_window,cA3,1.2753358262153307,0.0021604614695756074
causal_trailing_window,cA3,1.2999409726800508,0.0027412656328669707
causal_trailing_window,cA3,1.3250208280176075,0.0024284062471970707
causal_trailing_window,cA3,1.3505845508206658,0.002652555660355291
causal_trailing_window,cA3,1.3766414763792836,0.002359838106654296
causal_trailing_window,cA3,1.4032011200899448,0.00302023465162904
causal_trailing_window,cA3,1.4302731809303677,0.0031595679687506074
causal_trailing_window,cA3,1.4578675450013503,0.0024524278927645984
causal_trailing_window,cA3,1.4859942891369484,0.0029986076263976017
causal_trailing_window,cA3,1.5146636845843082,0.0038218944656555273
causal_trailing_window,cA3,1.54388620075449,0.0035797509205213332
causal_trailing_window,cA3,1.573672509045661,0.0048597305694234256
causal_trailing_window,cA3,1.6040334867400448,0.0040316604484881184
causal_trailing_window,cA3,1.63498022097606,0.004673725117268544
causal_trailing_window,cA3,1.6665240127970893,0.004860851779245856
causal_trailing_window,cA3,1.6986763812783636,0.004719909646802551
causal_trailing_window,cA3,1.7314490677334669,0.005688612420883235
causal_trailing_window,cA3,1.7648540400019963,0.005522727867972058
causal_trailing_window,cA3,1.7989034968199455,0.006561979101898885
causal_trailing_window,cA3,1.8336098722744048,0.006763271273731118
causal_trailing_window,cA3,1.8689858403442072,0.008943754427893488
causal_trailing_window,cA3,1.9050443195281779,0.007926821349662279
causal_trailing_window,cA3,1.9417984775626749,0.0065569584444157974
causal_trailing_window,cA3,1.979261736230148,0.008383262809643474
causal_trailing_window,cA3,2.017447776260468,0.009956209978288628
causal_trailing_window,cA3,2.056370542326817,0.007562303405803985
causal_trailing_window,cA3,2.0960442481379675,0.011265250894059222
causal_trailing_window,cA3,2.1364833816288047,0.011141858425521612
causal_trailing_window,cA3,2.1777027102509914,0.013209361806187795
causal_trailing_window,cA3,2.2197172863657038,0.012485129205586837
causal_trailing_window,cA3,2.262542452740414,0.012248280795773933
causal_trailing_window,cA3,2.306193848151716,0.013857872947115216
causal_trailing_window,cA3,2.3506874130962556,0.013278677454590616
causal_trailing_window,cA3,2.3960393956118335,0.013343306806520825
causal_trailing_window,cA3,2.442266357210821,0.013263478257107915
causal_trailing_window,cA3,2.4893851789280466,0.01649624657519614
causal_trailing_window,cA3,2.5374130674853674,0.017519258461462312
causal_trailing_window,cA3,2.5863675615751704,0.018184025600570856
causal_trailing_window,cA3,2.6362665382651063,0.01717261041772222
causal_trailing_window,cA3,2.687128219526386,0.022544166404703882
causal_trailing_window,cA3,2.7389711788880295,0.020311717833702704
causal_trailing_window,cA3,2.7918143482195,0.02309153607517077
causal_trailing_window,cA3,2.845677024644188,0.02151436391607105
causal_trailing_window,cA3,2.900578877586283,0.019428613148020933
causal_trailing_window,cA3,2.956539955953601,0.028984564380275444
causal_trailing_window,cA3,3.013580695458988,0.03030773184421848
causal_trailing_window,cA3,3.0717219260829776,0.03364488498072886
causal_trailing_window,cA3,3.130984879680427,0.03924562493434934
causal_trailing_window,cA3,3.191391197733908,0.027921218719306383
causal_trailing_window,cA3,3.2529629392566797,0.04247505858199359
causal_trailing_window,cA3,3.3157225888481467,0.049637353483693754
causal_trailing_window,cA3,3.379693064904713,0.0470049834890558
causal_trailing_window,cA3,3.4448977279890705,0.055350361727785215
causal_trailing_window,cA3,3.5113603893609313,0.06348027759540924
causal_trailing_window,cA3,3.579105319672374,0.08176064571053136
causal_trailing_window,cA3,3.6481572578309183,0.07496339277614676
causal_trailing_window,cA3,3.7185414200336253,0.07912051805747926
causal_trailing_window,cA3,3.790283508975467,0.08196495017718082
causal_trailing_window,cA3,3.863409723235371,0.07866563161380188
causal_trailing_window,cA3,3.9379467668433517,0.0794636661429716
causal_trailing_window,cA3,4.0139218590322,0.08335680431600145
causal_trailing_window,cA3,4.091362744177346,0.09225988531212297
causal_trailing_window,cA3,4.170297701928455,0.08282546428228889
causal_trailing_window,cA3,4.250755557536529,0.09212666180055837
causal_trailing_window,cA3,4.332765692380219,0.08484220185901474
causal_trailing_window,cA3,4.41635805469525,0.09902827669105048
causal_trailing_window,cA3,4.50156317051082,0.08152125771572491
causal_trailing_window,cA3,4.588412154797026,0.08826398214171398
causal_trailing_window,cA3,4.676936722827329,0.13173646305167744
causal_trailing_window,cA3,4.767169201760267,0.10588025152172416
causal_trailing_window,cA3,4.859142542444581,0.10600553261562026
causal_trailing_window,cA3,4.952890331452131,0.11656370475703562
causal_trailing_window,cA3,5.04844680334293,0.1502686040620324
causal_trailing_window,cA3,5.145846853166851,0.1736840397658657
causal_trailing_window,cA3,5.245126049206475,0.18586263063315966
causal_trailing_window,cA3,5.346320645965852,0.1749874585953463
causal_trailing_window,cA3,5.449467597409789,0.21970670184494753
causal_trailing_window,cA3,5.554604570458625,0.15252589044692452
causal_trailing_window,cA3,5.661769958743311,0.21131795716546403
causal_trailing_window,cA3,5.7710028966259115,0.20637220794772304
causal_trailing_window,cA3,5.882343273490564,0.22872973127331356
causal_trailing_window,cA3,5.995831748310182,0.22874721734813236
causal_trailing_window,cA3,6.111509764494199,0.23869045002170103
causal_trailing_window,cA3,6.229419565022735,0.2519540802830577
causal_trailing_window,cA3,6.349604207872799,0.25867976807458104
causal_trailing_window,cA3,6.472107581742054,0.19401656867748573
causal_trailing_window,cA3,6.596974422076001,0.18700607654376392
causal_trailing_window,cA3,6.724250327404317,0.18352143787777075
causal_trailing_window,cA3,6.853981775992426,0.15823231257821052
causal_trailing_window,cA3,6.986216142814284,0.15803723935171715
causal_trailing_window,cA3,7.1210017168526605,0.15785007901519535
causal_trailing_window,cA3,7.258387718733156,0.1502712075612728
causal_trailing_window,cA3,7.398424318698476,0.11855284649133753
causal_trailing_window,cA3,7.541162654929443,0.13503555673729653
causal_trailing_window,cA3,7.686654852219517,0.11186353810514578
causal_trailing_window,cA3,7.834954041009559,0.12644233275388808
causal_trailing_window,cA3,7.98611437678989,0.14956127295143354
causal_trailing_window,cA3,8.140191059876614,0.15113908055805622
causal_trailing_window,cA3,8.297240355569535,0.14695227559312024
causal_trailing_window,cA3,8.457319614698973,0.18366495462142066
causal_trailing_window,cA3,8.620487294568951,0.2002770723526996
causal_trailing_window,cA3,8.786802980304513,0.2275732679280101
causal_trailing_window,cA3,8.956327406610816,0.3636844451102324
causal_trailing_window,cA3,9.129122479952105,0.35587862683093757
causal_trailing_window,cA3,9.3052513011585,1.0601512914608675
causal_trailing_window,cA3,9.484778188469026,1.1165693219713353
causal_trailing_window,cA3,9.667768701019135,0.8075811403620085
causal_trailing_window,cA3,9.854289662781447,1.2389594943906121
causal_trailing_window,cA3,10.044409186968307,2.1730569549884393
causal_trailing_window,cA3,10.238196700905213,3.620309032856261
causal_trailing_window,cA3,10.43572297138407,3.9153990623771344
causal_trailing_window,cA3,10.63706013050564,4.926310169755714
causal_trailing_window,cA3,10.842281702020514,4.711735504759832
causal_trailing_window,cA3,11.051462628178331,3.8183691744281596
causal_trailing_window,cA3,11.264679297094995,5.062971851338536
causal_trailing_window,cA3,11.48200957064784,5.920007912218247
causal_trailing_window,cA3,11.70353281290906,5.9307402108717175
causal_trailing_window,cA3,11.929329919127625,7.611745352172673
causal_trailing_window,cA3,12.159483345270418,9.37651216455625
causal_trailing_window,cA3,12.394077138133245,10.356681422021534
causal_trailing_window,cA3,12.633196966032852,12.561389252135088
causal_trailing_window,cA3,12.876930150091003,13.23670983925721
causal_trailing_window,cA3,13.12536569612221,10.662623011950256
causal_trailing_window,cA3,13.378594327136586,9.886768674792519
causal_trailing_window,cA3,13.636708516469879,6.694773075634454
causal_trailing_window,cA3,13.899802521552571,5.416921633883768
causal_trailing_window,cA3,14.167972418330605,5.815511404152631
causal_trailing_window,cA3,14.441316136350085,5.486910969079841
causal_trailing_window,cA3,14.719933494518948,5.819156569306416
causal_trailing_window,cA3,15.003926237558561,1.694001580973882
causal_trailing_window,cA3,15.293398073158553,0.8227402391417488
causal_trailing_window,cA3,15.58845470984854,0.8362212602283987
causal_trailing_window,cA3,15.889203895600431,0.9086114484801789
causal_trailing_window,cA3,16.195755457175594,0.8864665798414236
causal_trailing_window,cA3,16.508221340231017,0.6922202067982808
causal_trailing_window,cA3,16.8267156501994,0.6857916742854383
causal_trailing_window,cA3,17.15135469395778,0.6822801640421748
causal_trailing_window,cA3,17.48225702230024,0.8056038796765487
causal_trailing_window,cA3,17.81954347322987,0.6459919211312249
causal_trailing_window,cA3,18.163337216086152,0.5515504562222755
causal_trailing_window,cA3,18.513763796523516,0.6135982422564273
causal_trailing_window,cA3,18.87095118235783,0.6220567629821243
causal_trailing_window,cA3,19.235029810297274,0.5411165448821164
causal_trailing_window,cA3,19.606132633574916,0.5457740776378718
causal_trailing_window,cA3,19.984395170500147,0.5290548202640154
causal_trailing_window,cA3,20.369955553946927,0.561094345249358
causal_trailing_window,cA3,20.76295458179678,0.6314680712996671
causal_trailing_window,cA3,21.163535768354915,0.6265070324555416
causal_trailing_window,cA3,21.571845396758473,0.6451720773919101
causal_trailing_window,cA3,21.988032572395706,0.6523975941669252
causal_trailing_window,cA3,22.412249277355972,0.6084056342651613
causal_trailing_window,cA3,22.84465042593003,0.5798708798260748
causal_trailing_window,cA3,23.28539392118133,0.5134892887263968
causal_trailing_window,cA3,23.73464071260851,0.5663354984151568
causal_trailing_window,cA3,24.192554854920584,0.598521030102096
causal_trailing_window,cA3,24.659303567945905,0.6100203538217747
causal_trailing_window,cA3,25.135057297697138,0.6367397682813317
causal_trailing_window,cA3,25.619989778614165,0.7122673633192104
causal_trailing_window,cA3,26.114278097008047,0.6636113632336763
causal_trailing_window,cA3,26.618102755728817,0.618997011271726
causal_trailing_window,cA3,27.131647740081124,0.5851904050237184
causal_trailing_window,cA3,27.655100585011386,0.5683496339412121
causal_trailing_window,cA3,28.188652443591323,0.7084662663164176
causal_trailing_window,cA3,28.73249815682275,0.8276293132635265
causal_trailing_window,cA3,29.286836324788993,0.917175930336123
causal_trailing_window,cA3,29.85186937917922,0.9241173768590142
causal_trailing_window,cA3,30.427803657211786,0.8678467900955323
causal_trailing_window,cA3,31.014849476984,0.7551612369236613
causal_trailing_window,cA3,31.613221214275406,0.8400663983050676
causal_trailing_window,cA3,32.22313738083303,0.9003647511150145
causal_trailing_window,cA3,32.84482070416682,0.9059194012538094
causal_trailing_window,cA3,33.47849820888475,0.8803362006012377
causal_trailing_window,cA3,34.12440129959695,0.8408821554700255
causal_trailing_window,cA3,34.7827658454195,0.8707011270556596
causal_trailing_window,cA3,35.453832266108364,0.9048974251220157
causal_trailing_window,cA3,36.137845619855355,0.95032300851191
causal_trailing_window,cA3,36.835055692777644,0.9722597262541797
causal_trailing_window,cA3,37.54571709013408,0.9537734088648119
causal_trailing_window,cA3,38.27008932930125,0.965681692516731
causal_trailing_window,cA3,39.00843693454322,1.0124470921447204
causal_trailing_window,cA3,39.7610295336099,1.0757722430565864
causal_trailing_window,cA3,40.52814195619885,1.1562687216742913
causal_trailing_window,cA3,41.310054334316966,1.1744637584834818
causal_trailing_window,cA3,42.10705220457815,1.112713464799439
causal_trailing_window,cA3,42.91942661247497,1.0883141752343324
causal_trailing_window,cA3,43.74747421866168,1.150423871004918
causal_trailing_window,cA3,44.59149740728809,1.20781675327212
causal_trailing_window,cA3,45.451804396423235,1.199397060473648
causal_trailing_window,cA3,46.32870935060979,1.190814925932196
causal_trailing_window,cA3,47.22253249558958,1.2288407672694344
causal_trailing_window,cA3,48.133600235242994,1.2828622010053772
causal_trailing_window,cA3,49.062245270784004,1.3142414068574744
causal_trailing_window,cA3,50.008806722255244,1.295722805445569
causal_trailing_window,cA3,50.97363025236692,1.2768469233153659
causal_trailing_window,cA3,51.95706819272496,1.308768571931115
causal_trailing_window,cA3,52.95947967249436,1.356899007703605
causal_trailing_window,cA3,53.98123074954523,1.4083670800468717
causal_trailing_window,cA3,55.02269454412866,1.4873797409526865
causal_trailing_window,cA3,56.08425137513179,1.5679167988480605
causal_trailing_window,cA3,57.16628889896145,1.6359544846399057
causal_trailing_window,cA3,58.269202251107764,1.6637551671641613
causal_trailing_window,cA3,59.39339419043843,1.692092210269895
causal_trailing_window,cA3,60.53927524627722,1.7171681965529673
causal_trailing_window,cA3,61.7072638683197,1.7319786032235278
causal_trailing_window,cA3,62.897786579441885,1.747074748142666
causal_trailing_window,cA3,64.11127813145649,1.7640160862289964
causal_trailing_window,cA3,65.34818166387448,1.7969730770509822
causal_trailing_window,cA3,66.60894886572933,1.8305659094838913
causal_trailing_window,cA3,67.89404014052396,1.8648068508659783
causal_trailing_window,cA3,69.20392477435938,1.8708940816604183
causal_trailing_window,cA3,70.53908110730714,1.8654220016670384
causal_trailing_window,cA3,71.89999670808868,1.8598443484380172
causal_trailing_window,cA3,73.28716855212397,1.8615853933143602
causal_trailing_window,cA3,74.70110320301589,1.9285519427730662
causal_trailing_window,cA3,76.14231699753532,1.9968104827207032
causal_trailing_window,cA3,77.61133623417611,2.0663859396233546
causal_trailing_window,cA3,79.10869736534697,2.0955782649074695
causal_trailing_window,cA3,80.63494719327193,1.9802656333211526
causal_trailing_window,cA3,82.1906430696696,1.8627282667818272
causal_trailing_window,cA3,83.77635309928597,1.742923243316907
causal_trailing_window,cA3,85.39265634735295,1.6269346185152442
causal_trailing_window,cA3,87.04014305105,1.67264029589466
causal_trailing_window,cA3,88.71941483504492,1.719227776218108
causal_trailing_window,cA3,90.43108493119412,1.766714072173657
causal_trailing_window,cA3,92.17577840248063,1.815116524676398
causal_trailing_window,cA3,93.95413237127259,1.8468440496863228
causal_trailing_window,cA3,95.76679625198642,1.8601559297839252
causal_trailing_window,cA3,97.61443198823778,1.8737246369483986
causal_trailing_window,cA3,99.49771429456864,1.887555126162946
causal_trailing_window,cA3,101.4173309028371,1.9016524480076185
causal_trailing_window,cA3,103.37398281336215,1.9136691745111527
causal_trailing_window,cA3,105.36838455091261,1.9234983903802103
causal_trailing_window,cA3,107.40126442563553,1.9335172420229367
causal_trailing_window,cA3,109.47336479901804,1.9437293880960476
causal_trailing_window,cA3,111.58544235498152,1.9541385578429886
causal_trailing_window,cA3,113.73826837620499,1.9647485524557686
causal_trailing_window,cA3,115.93262902578012,2.0219238595186186
causal_trailing_window,cA3,118.1693256342997,2.0810686797673443
causal_trailing_window,cA3,120.44917499248609,2.141354585316849
causal_trailing_window,cA3,122.77300964946404,2.2028035912084842
causal_trailing_window,cA3,125.14167821678903,2.2654381372213956
causal_trailing_window,cA3,127.55604567834034,2.329281096067003
causal_trailing_window,cA3,130.01699370619426,2.384122129932318
causal_trailing_window,cA3,132.52542098259033,2.4377252604018382
causal_trailing_window,cA3,135.08224352810922,2.4923625599498527
causal_trailing_window,cA3,137.68839503618338,2.548053980875295
causal_trailing_window,cA3,140.3448272140602,2.6048198604182504
causal_trailing_window,cA3,143.052510130344,2.6626809281866493
causal_trailing_window,cA3,145.81243256924256,2.7216583137262402
causal_trailing_window,cA3,148.62560239164944,2.765718383437693
causal_trailing_window,cA3,151.49304690319124,2.8073184261220296
causal_trailing_window,cA3,154.41581322937657,2.8497210614428687
causal_trailing_window,cA3,157.39496869798185,2.8929417738780736
causal_trailing_window,cA3,160.4316012288161,2.9369963466486646
causal_trailing_window,cA3,163.52681973100383,2.9819008674824863
causal_trailing_window,cA3,166.68175450793376,3.0276717344890853
causal_trailing_window,cA3,169.89755767001927,3.0743256621479165
causal_trailing_window,cA3,173.17540355542388,3.079574575307987
causal_trailing_window,cA3,176.5164891589024,3.0717049618003256
causal_trailing_window,cA3,179.92203456891554,3.0636835192692833
causal_trailing_window,cA3,183.39328341317966,3.0555073184665154
causal_trailing_window,cA3,186.93150331281046,3.047173373629477
causal_trailing_window,cA3,190.5379863452299,3.0386786413910896
causal_trailing_window,cA3,194.21404951600263,3.0300200196683735
causal_trailing_window,cA3,197.9610352397776,3.0211943465296387
causal_trailing_window,cA3,201.78031183050666,3.0121983990398147
causal_trailing_window,cA3,205.673274001122,3.0096692378761447
causal_trailing_window,cA3,209.64134337285284,3.030495887452758
causal_trailing_window,cA3,213.6859689943703,3.051724347088077
causal_trailing_window,cA3,217.80862787094637,3.0733623689326683
causal_trailing_window,cA3,222.01082550382282,3.0954178546998983
causal_trailing_window,cA3,226.29409643998534,3.1178988585514604
causal_trailing_window,cA3,230.66000483254638,3.140813590038577
causal_trailing_window,cA3,235.11014501193776,3.164170417099936
causal_trailing_window,cA3,239.64614206812294,3.187977869117467
causal_trailing_window,cA3,244.26965244404465,3.21224464003109
causal_trailing_window,cA3,248.9823645405189,3.236979591513534
causal_trailing_window,cA3,253.7859993328012,3.2621917562064238
causal_trailing_window,cA3,258.68231099904665,3.2855756390887265
causal_trailing_window,cA3,263.6730875608972,3.307463234848688
causal_trailing_window,cA3,268.7601515364256,3.3297731095789134
causal_trailing_window,cA3,273.94536060567816,3.3525134103381613
causal_trailing_window,cA3,279.2306082890559,3.375692441366983
causal_trailing_window,cA3,284.61782463878706,3.3993186671202453
causal_trailing_window,cA3,290.1089769437368,3.4234007153581567
causal_trailing_window,cA3,295.7060704478174,3.4479473802969296
causal_trailing_window,cA3,301.4111490822561,3.472967625820221
causal_trailing_window,cA3,307.2262962119944,3.4984705887525505
causal_trailing_window,cA3,313.1536353964843,3.5244655821958544
causal_trailing_window,cA3,319.1953311651634,3.5509620989304134
causal_trailing_window,cA3,325.3535898078933,3.5779698148814125
causal_trailing_window,cA3,331.6306601806454,3.6054985926523595
causal_trailing_window,cA3,338.0288345267327,3.6335584851266867
causal_trailing_window,cA3,344.5504493138833,3.657747122909972
causal_trailing_window,cA3,351.1978860874675,3.677782517486652
causal_trailing_window,cA3,357.9735723401825,3.6982044563820153
causal_trailing_window,cA3,364.8799823985184,3.7190203972236
causal_trailing_window,cA3,371.9196383263243,3.74023794151949
causal_trailing_window,cA3,379.0951108458109,3.761864837434217
causal_trailing_window,cA3,386.4090202763185,3.783908982618212
causal_trailing_window,cA3,393.86403749119825,3.8063784270918473
causal_trailing_window,cA3,401.46288489315356,3.8292813761851208
causal_trailing_window,cA3,409.20833740840123,3.852626193534056
causal_trailing_window,cA3,417.1032235000108,3.876421404134916
causal_trailing_window,cA3,425.1504262007932,3.900675697457327
causal_trailing_window,cA3,433.3528841661216,3.9253979306174887
causal_trailing_window,cA3,441.7135927470597,3.950597131612582
causal_trailing_window,cA3,450.2356050841965,3.976282502617593
causal_trailing_window,cA3,458.9220332225824,4.002463423345733
causal_trailing_window,cA3,467.7760492481795,4.029149454473704
causal_trailing_window,cA3,476.80088644623385,4.056350341133032
causal_trailing_window,cA3,485.9998404819983,4.084076016468775
causal_trailing_window,cA3,495.3762706042327,4.112336605266874
causal_trailing_window,cA3,504.9336008719279,4.141142427651503
causal_trailing_window,cA3,514.6753214046926,4.2083419263004505
causal_trailing_window,cA3,524.6049896572661,4.378708439905631
causal_trailing_window,cA3,534.7262317186182,4.5523618469970275
causal_trailing_window,cA3,545.0427436361176,4.729365561848744
causal_trailing_window,cA3,555.5582927652417,4.909784222191052
causal_trailing_window,cA3,566.276719145331,5.093683712814652
causal_trailing_window,cA3,577.2019369018808,5.281131189630244
causal_trailing_window,cA3,588.3379356758954,5.4721951041924175
causal_trailing_window,cA3,599.6887820808116,5.666945228696555
causal_trailing_window,cA3,611.2586211875322,5.865452681458029
causal_trailing_window,cA3,623.0516780381147,6.067789952883055
causal_trailing_window,cA3,635.0722591886586,6.274030931940492
causal_trailing_window,cA3,647.3247542819628,6.48425093314444
causal_trailing_window,cA3,659.8136376505205,6.698526724057339
causal_trailing_window,cA3,672.5434699504481,6.916936553323809
causal_trailing_window,cA3,685.5188998269297,7.139560179245223
causal_trailing_window,cA3,698.7446656117985,7.36647889890565
causal_trailing_window,cA3,712.2255970538649,7.59777557785966
causal_trailing_window,cA3,725.9666170826351,7.833534680393
causal_trailing_window,cA3,739.9727436060498,8.073842300366987
causal_trailing_window,cA3,754.2490913429119,8.318786192658054
causal_trailing_window,cA3,768.8008736906626,8.568455805203785
causal_trailing_window,cA3,783.6334046291995,8.822942311667342
causal_trailing_window,cA3,798.7521006614194,9.082338644731964
causal_trailing_window,cA3,814.1624827911994,9.34673953003785
causal_trailing_window,cA3,829.8701785395466,9.61624152077387
causal_trailing_window,cA3,845.8809239996378,9.890943032936551
causal_trailing_window,cA3,862.2005659315118,10.170944381269381
causal_trailing_window,cA3,878.8350638971696,10.456347815895414
causal_trailing_window,cA3,895.7904924368759,10.747257559656779
causal_trailing_window,cA3,913.0730432874402,11.04377984617444
causal_trailing_window,cA3,930.6890276432995,11.3460229586423
causal_trailing_window,cA3,948.6448784612195,11.654097269369743
causal_trailing_window,cA3,966.9471528094692,11.968115280087138
causal_trailing_window,cA3,985.6025342623101,12.288191663028886
causal_trailing_window,cA3,1004.6178353406866,12.61444330280912
causal_trailing_window,cD3,0.5,7.788727670967235e-07
causal_trailing_window,cD3,0.5096465362138136,2.105218574848434e-06
causal_trailing_window,cD3,0.5194791837494761,1.654327193643577e-06
causal_trailing_window,cD3,0.5295015332661994,1.7199892053122229e-06
causal_trailing_window,cD3,0.539717244698044,1.6941165840402784e-06
causal_trailing_window,cD3,0.5501300485904428,2.2851546530692482e-06
causal_trailing_window,cD3,0.5607437474625123,1.8982154213861443e-06
causal_trailing_window,cD3,0.5715622171956457,2.033108384989262e-06
causal_trailing_window,cD3,0.5825894084488966,2.0267563308912726e-06
causal_trailing_window,cD3,0.5938293481016697,1.8885073367048207e-06
causal_trailing_window,cD3,0.6052861407242459,1.2018844081791389e-06
causal_trailing_window,cD3,0.6169639700766778,1.3044224498601041e-06
causal_trailing_window,cD3,0.6288671006366037,6.853579973759796e-07
causal_trailing_window,cD3,0.6409998791565376,1.8152560396657264e-07
causal_trailing_window,cD3,0.653366736251205,9.58851544256429e-08
causal_trailing_window,cD3,0.665972188015502,2.3253279470663578e-07
causal_trailing_window,cD3,0.6788208376736705,7.285264710969992e-07
causal_trailing_window,cD3,0.6919173772602912,1.6124752659189672e-06
causal_trailing_window,cD3,0.705266589333708,2.5067879964367e-06
causal_trailing_window,cD3,0.7188733487225089,4.091586466660213e-06
causal_trailing_window,cD3,0.7327426243057032,5.643695728451512e-06
causal_trailing_window,cD3,0.7468794808272429,1.0551932690364946e-05
causal_trailing_window,cD3,0.7612890807455516,1.185259129574126e-05
causal_trailing_window,cD3,0.7759766861187373,9.618271188479515e-06
causal_trailing_window,cD3,0.7909476605261763,1.1783852132697172e-05
causal_trailing_window,cD3,0.8062074710271702,1.594632008334272e-05
causal_trailing_window,cD3,0.8217616901573916,1.3002119385301433e-05
causal_trailing_window,cD3,0.8376159979638477,1.2323782679805043e-05
causal_trailing_window,cD3,0.8537761840791034,1.0627761180749835e-05
causal_trailing_window,cD3,0.8702481498355248,1.124586970731365e-05
causal_trailing_window,cD3,0.8870379104203103,9.903846443301248e-06
causal_trailing_window,cD3,0.9041515970721005,9.22128717421086e-06
causal_trailing_window,cD3,0.9215954593199674,8.25294078987787e-06
causal_trailing_window,cD3,0.9393758672656,9.712250519053523e-06
causal_trailing_window,cD3,0.9574993139095204,8.62707297973254e-06
causal_trailing_window,cD3,0.9759724175221802,1.0351308912551097e-05
causal_trailing_window,cD3,0.9948019240608021,8.810951404467086e-06
causal_trailing_window,cD3,1.0139947096328503,7.94738684352138e-06
causal_trailing_window,cD3,1.0335577830070277,6.797624698289965e-06
causal_trailing_window,cD3,1.0534982881727202,7.746758456729535e-06
causal_trailing_window,cD3,1.073823506948818,7.320173420172209e-06
causal_trailing_window,cD3,1.0945408616428702,6.755980501881005e-06
causal_trailing_window,cD3,1.1156579177615438,6.911071422222917e-06
causal_trailing_window,cD3,1.137182386773373,6.247596553883737e-06
causal_trailing_window,cD3,1.159122128924814,4.01165307405106e-06
causal_trailing_window,cD3,1.1814851561106259,2.825374043600093e-06
causal_trailing_window,cD3,1.2042796347996347,2.0474242227747493e-06
causal_trailing_window,cD3,1.2275138890169406,1.2020824381442122e-06
causal_trailing_window,cD3,1.251196403383663,7.001633654359126e-07
causal_trailing_window,cD3,1.2753358262153307,1.228050733827676e-06
causal_trailing_window,cD3,1.2999409726800508,4.709724755813582e-06
causal_trailing_window,cD3,1.3250208280176075,9.699811041159701e-06
causal_trailing_window,cD3,1.3505845508206658,1.9847393959086116e-05
causal_trailing_window,cD3,1.3766414763792836,2.895739512740169e-05
causal_trailing_window,cD3,1.4032011200899448,5.479205427873506e-05
causal_trailing_window,cD3,1.4302731809303677,7.934746905059171e-05
causal_trailing_window,cD3,1.4578675450013503,7.921422417291232e-05
causal_trailing_window,cD3,1.4859942891369484,0.00012049762394454536
causal_trailing_window,cD3,1.5146636845843082,0.0001837116849507877
causal_trailing_window,cD3,1.54388620075449,0.00019879467359011722
causal_trailing_window,cD3,1.573672509045661,0.0003041769230452215
causal_trailing_window,cD3,1.6040334867400448,0.0002780029482140601
causal_trailing_window,cD3,1.63498022097606,0.00035403639457612466
causal_trailing_window,cD3,1.6665240127970893,0.00039307884726836847
causal_trailing_window,cD3,1.6986763812783636,0.00041248102503750703
causal_trailing_window,cD3,1.7314490677334669,0.0005217111677653697
causal_trailing_window,cD3,1.7648540400019963,0.000533439498052048
causal_trailing_window,cD3,1.7989034968199455,0.0006664778780820977
causal_trailing_window,cD3,1.8336098722744048,0.000719355761134299
causal_trailing_window,cD3,1.8689858403442072,0.000994704017888475
causal_trailing_window,cD3,1.9050443195281779,0.0009205768303378762
causal_trailing_window,cD3,1.9417984775626749,0.0007951657915332948
causal_trailing_window,cD3,1.979261736230148,0.001061395333353459
causal_trailing_window,cD3,2.017447776260468,0.0013126989921320945
causal_trailing_window,cD3,2.056370542326817,0.0010397130580637993
causal_trailing_window,cD3,2.0960442481379675,0.0016109931680762639
causal_trailing_window,cD3,2.1364833816288047,0.0016567041135730914
causal_trailing_window,cD3,2.1777027102509914,0.00204046196127743
causal_trailing_window,cD3,2.2197172863657038,0.002001020342280208
causal_trailing_window,cD3,2.262542452740414,0.002031644638913018
causal_trailing_window,cD3,2.306193848151716,0.002376341955759693
causal_trailing_window,cD3,2.3506874130962556,0.0023445229773255455
causal_trailing_window,cD3,2.3960393956118335,0.002417520279782589
causal_trailing_window,cD3,2.442266357210821,0.0024775754691966317
causal_trailing_window,cD3,2.4893851789280466,0.003116246721556525
causal_trailing_window,cD3,2.5374130674853674,0.00338046363582978
causal_trailing_window,cD3,2.5863675615751704,0.003512151473307628
causal_trailing_window,cD3,2.6362665382651063,0.003331915313582223
causal_trailing_window,cD3,2.687128219526386,0.004361949814539442
causal_trailing_window,cD3,2.7389711788880295,0.0038824535130697188
causal_trailing_window,cD3,2.7918143482195,0.004321239438061353
causal_trailing_window,cD3,2.845677024644188,0.0039368065395623
causal_trailing_window,cD3,2.900578877586283,0.00344807090578094
causal_trailing_window,cD3,2.956539955953601,0.004953639606804504
causal_trailing_window,cD3,3.013580695458988,0.004943758426694975
causal_trailing_window,cD3,3.0717219260829776,0.0052190231759521866
causal_trailing_window,cD3,3.130984879680427,0.005725859610639261
causal_trailing_window,cD3,3.191391197733908,0.0038689637408593517
causal_trailing_window,cD3,3.2529629392566797,0.005470204344643756
causal_trailing_window,cD3,3.3157225888481467,0.005980540269010076
causal_trailing_window,cD3,3.379693064904713,0.005250429634729369
causal_trailing_window,cD3,3.4448977279890705,0.005738189757038605
causal_trailing_window,cD3,3.5113603893609313,0.006068792142943581
causal_trailing_window,cD3,3.579105319672374,0.00719276118066155
causal_trailing_window,cD3,3.6481572578309183,0.006040926537696542
causal_trailing_window,cD3,3.7185414200336253,0.00586344435552604
causal_trailing_window,cD3,3.790283508975467,0.0055535932688647715
causal_trailing_window,cD3,3.863409723235371,0.004857056674730478
causal_trailing_window,cD3,3.9379467668433517,0.004480295026477873
causal_trailing_window,cD3,4.0139218590322,0.00426844733631095
causal_trailing_window,cD3,4.091362744177346,0.004276810985118262
causal_trailing_window,cD3,4.170297701928455,0.0034824386741228236
causal_trailing_window,cD3,4.250755557536529,0.0034967130544418835
causal_trailing_window,cD3,4.332765692380219,0.0028982749914989317
causal_trailing_window,cD3,4.41635805469525,0.003042327997671689
causal_trailing_window,cD3,4.50156317051082,0.0022490442506771474
causal_trailing_window,cD3,4.588412154797026,0.002168537153199776
causal_trailing_window,cD3,4.676936722827329,0.00288040476747725
causal_trailing_window,cD3,4.767169201760267,0.0020466719191059757
causal_trailing_window,cD3,4.859142542444581,0.001820363256033426
causal_trailing_window,cD3,4.952890331452131,0.0017469782051663554
causal_trailing_window,cD3,5.04844680334293,0.001991374801328014
causal_trailing_window,cD3,5.145846853166851,0.001977671867804302
causal_trailing_window,cD3,5.245126049206475,0.0018352918813980517
causal_trailing_window,cD3,5.346320645965852,0.001495963115689794
causal_trailing_window,cD3,5.449467597409789,0.0016004819699626872
causal_trailing_window,cD3,5.554604570458625,0.0009483678802242342
causal_trailing_window,cD3,5.661769958743311,0.0010971301850329093
causal_trailing_window,cD3,5.7710028966259115,0.0008926916550261818
causal_trailing_window,cD3,5.882343273490564,0.0008178837414600971
causal_trailing_window,cD3,5.995831748310182,0.0006654117624343623
causal_trailing_window,cD3,6.111509764494199,0.0005596210790485038
causal_trailing_window,cD3,6.229419565022735,0.0004705095670954463
causal_trailing_window,cD3,6.349604207872799,0.0003730770592921756
causal_trailing_window,cD3,6.472107581742054,0.00021609847796300787
causal_trailing_window,cD3,6.596974422076001,0.00015780728273627343
causal_trailing_window,cD3,6.724250327404317,0.00011255919635342888
causal_trailing_window,cD3,6.853981775992426,7.074143267912843e-05
causal_trailing_window,cD3,6.986216142814284,5.064984180997981e-05
causal_trailing_window,cD3,7.1210017168526605,3.719761184181343e-05
causal_trailing_window,cD3,7.258387718733156,2.7100045287575635e-05
causal_trailing_window,cD3,7.398424318698476,1.8578495105246193e-05
causal_trailing_window,cD3,7.541162654929443,2.0412360989559212e-05
causal_trailing_window,cD3,7.686654852219517,1.956588977920326e-05
causal_trailing_window,cD3,7.834954041009559,2.5886073888291528e-05
causal_trailing_window,cD3,7.98611437678989,3.6818440916918684e-05
causal_trailing_window,cD3,8.140191059876614,4.41391236832215e-05
causal_trailing_window,cD3,8.297240355569535,5.212422075409958e-05
causal_trailing_window,cD3,8.457319614698973,7.731437449686085e-05
causal_trailing_window,cD3,8.620487294568951,9.539628192636991e-05
causal_trailing_window,cD3,8.786802980304513,0.00012456748205444363
causal_trailing_window,cD3,8.956327406610816,0.0002186784785658067
causal_trailing_window,cD3,9.129122479952105,0.00023958179211047847
causal_trailing_window,cD3,9.3052513011585,0.0007609909107033965
causal_trailing_window,cD3,9.484778188469026,0.0008689595527808944
causal_trailing_window,cD3,9.667768701019135,0.0006735245354492598
causal_trailing_window,cD3,9.854289662781447,0.0010797177502988686
causal_trailing_window,cD3,10.044409186968307,0.001973725783973079
causal_trailing_window,cD3,10.238196700905213,0.0034131537189344137
causal_trailing_window,cD3,10.43572297138407,0.003763568343122819
causal_trailing_window,cD3,10.63706013050564,0.0049037019019828485
causal_trailing_window,cD3,10.842281702020514,0.004757450974463293
causal_trailing_window,cD3,11.051462628178331,0.0039038588907910096
causal_trailing_window,cD3,11.264679297094995,0.005208825003172595
causal_trailing_window,cD3,11.48200957064784,0.0061477437840981464
causal_trailing_window,cD3,11.70353281290906,0.006190844662695551
causal_trailing_window,cD3,11.929329919127625,0.007911528350968764
causal_trailing_window,cD3,12.159483345270418,0.009710021345593924
causal_trailing_window,cD3,12.394077138133245,0.010649305240064369
causal_trailing_window,cD3,12.633196966032852,0.012789715640507569
causal_trailing_window,cD3,12.876930150091003,0.013312166068839873
causal_trailing_window,cD3,13.12536569612221,0.010586199127923444
causal_trailing_window,cD3,13.378594327136586,0.009692523843729244
causal_trailing_window,cD3,13.636708516469879,0.006424292419487211
causal_trailing_window,cD3,13.899802521552571,0.005096486341678323
causal_trailing_window,cD3,14.167972418330605,0.00537752197415557
causal_trailing_window,cD3,14.441316136350085,0.004929819122341706
causal_trailing_window,cD3,14.719933494518948,0.005149317977000878
causal_trailing_window,cD3,15.003926237558561,0.0014698331040262273
causal_trailing_window,cD3,15.293398073158553,0.0006890566678233525
causal_trailing_window,cD3,15.58845470984854,0.0006806540223843775
causal_trailing_window,cD3,15.889203895600431,0.0007183736025918701
causal_trailing_window,cD3,16.195755457175594,0.0006825709150536395
causal_trailing_window,cD3,16.508221340231017,0.0005169870413639595
causal_trailing_window,cD3,16.8267156501994,0.0004971157860884503
causal_trailing_window,cD3,17.15135469395778,0.00047724145203945106
causal_trailing_window,cD3,17.48225702230024,0.0005478055222533012
causal_trailing_window,cD3,17.81954347322987,0.00042767652846537404
causal_trailing_window,cD3,18.163337216086152,0.00035133399071039497
causal_trailing_window,cD3,18.513763796523516,0.0003768732318138166
causal_trailing_window,cD3,18.87095118235783,0.0003712263853111654
causal_trailing_window,cD3,19.235029810297274,0.00031188895082589867
causal_trailing_window,cD3,19.606132633574916,0.000301932949304143
causal_trailing_window,cD3,19.984395170500147,0.00028435554631051036
causal_trailing_window,cD3,20.369955553946927,0.0002900017427389202
causal_trailing_window,cD3,20.76295458179678,0.000314680187540528
causal_trailing_window,cD3,21.163535768354915,0.0003021182079338723
causal_trailing_window,cD3,21.571845396758473,0.0002992316446082448
causal_trailing_window,cD3,21.988032572395706,0.0002925456061839441
causal_trailing_window,cD3,22.412249277355972,0.00026311627567715816
causal_trailing_window,cD3,22.84465042593003,0.00024095297207614314
causal_trailing_window,cD3,23.28539392118133,0.0002054902691511201
causal_trailing_window,cD3,23.73464071260851,0.00021768109015671893
causal_trailing_window,cD3,24.192554854920584,0.00022221111391021315
causal_trailing_window,cD3,24.659303567945905,0.000218123619457619
causal_trailing_window,cD3,25.135057297697138,0.00021829713361265255
causal_trailing_window,cD3,25.619989778614165,0.00023532873837369265
causal_trailing_window,cD3,26.114278097008047,0.00021210422232183354
causal_trailing_window,cD3,26.618102755728817,0.00019103238462485876
causal_trailing_window,cD3,27.131647740081124,0.0001734224642725967
causal_trailing_window,cD3,27.655100585011386,0.00016062098469439077
causal_trailing_window,cD3,28.188652443591323,0.0001921922506295446
causal_trailing_window,cD3,28.73249815682275,0.00021666153283368306
causal_trailing_window,cD3,29.286836324788993,0.00023176155837693457
causal_trailing_window,cD3,29.85186937917922,0.00022534972031999293
causal_trailing_window,cD3,30.427803657211786,0.00020444922580166013
causal_trailing_window,cD3,31.014849476984,0.00017059847207141605
causal_trailing_window,cD3,31.613221214275406,0.0001814477617726353
causal_trailing_window,cD3,32.22313738083303,0.00018729063804231904
causal_trailing_window,cD3,32.84482070416682,0.0001818657560388986
causal_trailing_window,cD3,33.47849820888475,0.000170261529937309
causal_trailing_window,cD3,34.12440129959695,0.0001558326038115354
causal_trailing_window,cD3,34.7827658454195,0.00015501971466094436
causal_trailing_window,cD3,35.453832266108364,0.00015476921276912051
causal_trailing_window,cD3,36.137845619855355,0.0001559503422815693
causal_trailing_window,cD3,36.835055692777644,0.00015388820796818787
causal_trailing_window,cD3,37.54571709013408,0.00014631103560022274
causal_trailing_window,cD3,38.27008932930125,0.0001426340064902769
causal_trailing_window,cD3,39.00843693454322,0.00014344239492511805
causal_trailing_window,cD3,39.7610295336099,0.00014595352189458068
causal_trailing_window,cD3,40.52814195619885,0.000150231711795631
causal_trailing_window,cD3,41.310054334316966,0.00014727619773253605
causal_trailing_window,cD3,42.10705220457815,0.0001350635579919421
causal_trailing_window,cD3,42.91942661247497,0.00012680458424645046
causal_trailing_window,cD3,43.74747421866168,0.000127840358604605
causal_trailing_window,cD3,44.59149740728809,0.00012843976104909415
causal_trailing_window,cD3,45.451804396423235,0.0001238878018803584
causal_trailing_window,cD3,46.32870935060979,0.00011924802143369238
causal_trailing_window,cD3,47.22253249558958,0.00011791156032341476
causal_trailing_window,cD3,48.133600235242994,0.0001176563784805267
causal_trailing_window,cD3,49.062245270784004,0.00011583883030805858
causal_trailing_window,cD3,50.008806722255244,0.00011066522630210829
causal_trailing_window,cD3,50.97363025236692,0.00010539180757935935
causal_trailing_window,cD3,51.95706819272496,0.0001035996469167013
causal_trailing_window,cD3,52.95947967249436,0.00010286492618205021
causal_trailing_window,cD3,53.98123074954523,0.00010229745360305
causal_trailing_window,cD3,55.02269454412866,0.00010371860620903974
causal_trailing_window,cD3,56.08425137513179,0.00010516717721518762
causal_trailing_window,cD3,57.16628889896145,0.00010577070067602607
causal_trailing_window,cD3,58.269202251107764,0.00010380476934094637
causal_trailing_window,cD3,59.39339419043843,0.00010180090915023121
causal_trailing_window,cD3,60.53927524627722,9.95394801623138e-05
causal_trailing_window,cD3,61.7072638683197,9.661644056886774e-05
causal_trailing_window,cD3,62.897786579441885,9.363700656083651e-05
causal_trailing_window,cD3,64.11127813145649,9.073283408540129e-05
causal_trailing_window,cD3,65.34818166387448,8.911283159175329e-05
causal_trailing_window,cD3,66.60894886572933,8.746157427266249e-05
causal_trailing_window,cD3,67.89404014052396,8.577845912651781e-05
causal_trailing_window,cD3,69.20392477435938,8.288395359709922e-05
causal_trailing_window,cD3,70.53908110730714,7.94558580040891e-05
causal_trailing_window,cD3,71.89999670808868,7.596162391451418e-05
causal_trailing_window,cD3,73.28716855212397,7.276055446032981e-05
causal_trailing_window,cD3,74.70110320301589,7.26630738915826e-05
causal_trailing_window,cD3,76.14231699753532,7.256371262316227e-05
causal_trailing_window,cD3,77.61133623417611,7.246243437059381e-05
causal_trailing_window,cD3,79.10869736534697,7.109691965464097e-05
causal_trailing_window,cD3,80.63494719327193,6.531644387915732e-05
causal_trailing_window,cD3,82.1906430696696,5.942444496587145e-05
causal_trailing_window,cD3,83.77635309928597,5.3418771290808107e-05
causal_trailing_window,cD3,85.39265634735295,4.749810351569013e-05
causal_trailing_window,cD3,87.04014305105,4.683701719622417e-05
causal_trailing_window,cD3,88.71941483504492,4.6163176490515885e-05
causal_trailing_window,cD3,90.43108493119412,4.547633532726768e-05
causal_trailing_window,cD3,92.17577840248063,4.4776242887710615e-05
causal_trailing_window,cD3,93.95413237127259,4.384154861204365e-05
causal_trailing_window,cD3,95.76679625198642,4.26499093152217e-05
causal_trailing_window,cD3,97.61443198823778,4.143527963513858e-05
causal_trailing_window,cD3,99.49771429456864,4.01972160166648e-05
causal_trailing_window,cD3,101.4173309028371,3.8935266347129863e-05
causal_trailing_window,cD3,103.37398281336215,3.7752862728318866e-05
causal_trailing_window,cD3,105.36838455091261,3.665448868765585e-05
causal_trailing_window,cD3,107.40126442563553,3.553492363707365e-05
causal_trailing_window,cD3,109.47336479901804,3.439375873688319e-05
causal_trailing_window,cD3,111.58544235498152,3.323057725962148e-05
causal_trailing_window,cD3,113.73826837620499,3.20449544378725e-05
causal_trailing_window,cD3,115.93262902578012,3.164757219284787e-05
causal_trailing_window,cD3,118.1693256342997,3.125768201557664e-05
causal_trailing_window,cD3,120.44917499248609,3.086026965887649e-05
causal_trailing_window,cD3,122.77300964946404,3.0455189996794897e-05
causal_trailing_window,cD3,125.14167821678903,3.004229510345378e-05
causal_trailing_window,cD3,127.55604567834034,2.962143419903046e-05
causal_trailing_window,cD3,130.01699370619426,2.9226478727670476e-05
causal_trailing_window,cD3,132.52542098259033,2.8831537008911245e-05
causal_trailing_window,cD3,135.08224352810922,2.8428975650967324e-05
causal_trailing_window,cD3,137.68839503618338,2.8018647647588027e-05
causal_trailing_window,cD3,140.3448272140602,2.7600403156320444e-05
causal_trailing_window,cD3,143.052510130344,2.7174089443790364e-05
causal_trailing_window,cD3,145.81243256924256,2.6739550829927578e-05
causal_trailing_window,cD3,148.62560239164944,2.624344737152894e-05
causal_trailing_window,cD3,151.49304690319124,2.5726808217340774e-05
causal_trailing_window,cD3,154.41581322937657,2.52002015065319e-05
causal_trailing_window,cD3,157.39496869798185,2.4663434934310532e-05
causal_trailing_window,cD3,160.4316012288161,2.4116312485734568e-05
causal_trailing_window,cD3,163.52681973100383,2.355863436413145e-05
causal_trailing_window,cD3,166.68175450793376,2.2990196918136906e-05
causal_trailing_window,cD3,169.89755767001927,2.241079256732625e-05
causal_trailing_window,cD3,173.17540355542388,2.174935847703359e-05
causal_trailing_window,cD3,176.5164891589024,2.1053023201987257e-05
causal_trailing_window,cD3,179.92203456891554,2.0343253480045583e-05
causal_trailing_window,cD3,183.39328341317966,1.9619790119451545e-05
causal_trailing_window,cD3,186.93150331281046,1.888236892784283e-05
causal_trailing_window,cD3,190.5379863452299,1.8130720615774708e-05
causal_trailing_window,cD3,194.21404951600263,1.736457069838179e-05
causal_trailing_window,cD3,197.9610352397776,1.6583639395142193e-05
causal_trailing_window,cD3,201.78031183050666,1.578764152770819e-05
causal_trailing_window,cD3,205.673274001122,1.5079715486766555e-05
causal_trailing_window,cD3,209.64134337285284,1.4722678154735564e-05
causal_trailing_window,cD3,213.6859689943703,1.4358752475598337e-05
causal_trailing_window,cD3,217.80862787094637,1.3987805551975241e-05
causal_trailing_window,cD3,222.01082550382282,1.3609701922487856e-05
causal_trailing_window,cD3,226.29409643998534,1.3224303512291647e-05
causal_trailing_window,cD3,230.66000483254638,1.2831469582654028e-05
causal_trailing_window,cD3,235.11014501193776,1.2431056679559858e-05
causal_trailing_window,cD3,239.64614206812294,1.2022918581325362e-05
causal_trailing_window,cD3,244.26965244404465,1.160690624520115e-05
causal_trailing_window,cD3,248.9823645405189,1.1182867752945307e-05
causal_trailing_window,cD3,253.7859993328012,1.0750648255346252e-05
causal_trailing_window,cD3,258.68231099904665,1.043146824262068e-05
causal_trailing_window,cD3,263.6730875608972,1.0208249803649879e-05
causal_trailing_window,cD3,268.7601515364256,9.980724795168837e-06
causal_trailing_window,cD3,273.94536060567816,9.74881013022006e-06
causal_trailing_window,cD3,279.2306082890559,9.51242111884341e-06
causal_trailing_window,cD3,284.61782463878706,9.27147143714917e-06
causal_trailing_window,cD3,290.1089769437368,9.025873095794597e-06
causal_trailing_window,cD3,295.7060704478174,8.775536407852149e-06
causal_trailing_window,cD3,301.4111490822561,8.520369956057947e-06
causal_trailing_window,cD3,307.2262962119944,8.260280559428178e-06
causal_trailing_window,cD3,313.1536353964843,7.995173239231563e-06
causal_trailing_window,cD3,319.1953311651634,7.72495118430531e-06
causal_trailing_window,cD3,325.3535898078933,7.449515715701827e-06
causal_trailing_window,cD3,331.6306601806454,7.168766250653438e-06
causal_trailing_window,cD3,338.0288345267327,6.8826002658418385e-06
causal_trailing_window,cD3,344.5504493138833,6.672227284622321e-06
causal_trailing_window,cD3,351.1978860874675,6.542929635161644e-06
causal_trailing_window,cD3,357.9735723401825,6.411137436785202e-06
causal_trailing_window,cD3,364.8799823985184,6.276802561980081e-06
causal_trailing_window,cD3,371.9196383263243,6.1398759547057945e-06
causal_trailing_window,cD3,379.0951108458109,6.000307612480097e-06
causal_trailing_window,cD3,386.4090202763185,5.858046568119232e-06
causal_trailing_window,cD3,393.86403749119825,5.713040871125879e-06
causal_trailing_window,cD3,401.46288489315356,5.56523756871802e-06
causal_trailing_window,cD3,409.20833740840123,5.414582686491766e-06
causal_trailing_window,cD3,417.1032235000108,5.261021208711135e-06
causal_trailing_window,cD3,425.1504262007932,5.104497058217597e-06
causal_trailing_window,cD3,433.3528841661216,4.944953075951916e-06
causal_trailing_window,cD3,441.7135927470597,4.78233100008099e-06
causal_trailing_window,cD3,450.2356050841965,4.6165714447219475e-06
causal_trailing_window,cD3,458.9220332225824,4.447613878255799e-06
causal_trailing_window,cD3,467.7760492481795,4.275396601222625e-06
causal_trailing_window,cD3,476.80088644623385,4.099856723790361e-06
causal_trailing_window,cD3,485.9998404819983,3.92093014278885e-06
causal_trailing_window,cD3,495.3762706042327,3.738551518300858e-06
causal_trailing_window,cD3,504.9336008719279,3.552654249801368e-06
causal_trailing_window,cD3,514.6753214046926,3.4045794850418366e-06
causal_trailing_window,cD3,524.6049896572661,3.365132883845234e-06
causal_trailing_window,cD3,534.7262317186182,3.3249252365147235e-06
causal_trailing_window,cD3,545.0427436361176,3.283941860132121e-06
causal_trailing_window,cD3,555.5582927652417,3.2421677885006398e-06
causal_trailing_window,cD3,566.276719145331,3.1995877666795734e-06
causal_trailing_window,cD3,577.2019369018808,3.156186245413545e-06
causal_trailing_window,cD3,588.3379356758954,3.1119473754542627e-06
causal_trailing_window,cD3,599.6887820808116,3.066855001772737e-06
causal_trailing_window,cD3,611.2586211875322,3.020892657659842e-06
causal_trailing_window,cD3,623.0516780381147,2.974043558713034e-06
causal_trailing_window,cD3,635.0722591886586,2.9262905967070764e-06
causal_trailing_window,cD3,647.3247542819628,2.877616333346501e-06
causal_trailing_window,cD3,659.8136376505205,2.8280029938975513e-06
causal_trailing_window,cD3,672.5434699504481,2.7774324606972367e-06
causal_trailing_window,cD3,685.5188998269297,2.725886266537185e-06
causal_trailing_window,cD3,698.7446656117985,2.6733455879198314e-06
causal_trailing_window,cD3,712.2255970538649,2.61979123818452e-06
causal_trailing_window,cD3,725.9666170826351,2.5652036605009494e-06
causal_trailing_window,cD3,739.9727436060498,2.509562920727482e-06
causal_trailing_window,cD3,754.2490913429119,2.452848700131636e-06
causal_trailing_window,cD3,768.8008736906626,2.39504028797016e-06
causal_trailing_window,cD3,783.6334046291995,2.3361165739259263e-06
causal_trailing_window,cD3,798.7521006614194,2.27605604039893e-06
causal_trailing_window,cD3,814.1624827911994,2.2148367546485584e-06
causal_trailing_window,cD3,829.8701785395466,2.152436360784237e-06
causal_trailing_window,cD3,845.8809239996378,2.088832071601579e-06
causal_trailing_window,cD3,862.2005659315118,2.024000660261009e-06
causal_trailing_window,cD3,878.8350638971696,1.957918451805863e-06
causal_trailing_window,cD3,895.7904924368759,1.8905613145168148e-06
causal_trailing_window,cD3,913.0730432874402,1.8219046510995311e-06
causal_trailing_window,cD3,930.6890276432995,1.751923389702295e-06
causal_trailing_window,cD3,948.6448784612195,1.6805919747603486e-06
causal_trailing_window,cD3,966.9471528094692,1.6078843576635629e-06
causal_trailing_window,cD3,985.6025342623101,1.5337739872440878e-06
causal_trailing_window,cD3,1004.6178353406866,1.4582338000804682e-06
causal_trailing_window,cD2,0.5,0.0004445678432827168
causal_trailing_window,cD2,0.5096465362138136,0.0012121047687878863
causal_trailing_window,cD2,0.5194791837494761,0.0009520244009043525
causal_trailing_window,cD2,0.5295015332661994,0.0010018456523554085
causal_trailing_window,cD2,0.539717244698044,0.0009708453875353553
causal_trailing_window,cD2,0.5501300485904428,0.0012665060935431534
causal_trailing_window,cD2,0.5607437474625123,0.0010065273979977768
causal_trailing_window,cD2,0.5715622171956457,0.001018330269706497
causal_trailing_window,cD2,0.5825894084488966,0.001050810396931688
causal_trailing_window,cD2,0.5938293481016697,0.001185351974845033
causal_trailing_window,cD2,0.6052861407242459,0.0010758608215686398
causal_trailing_window,cD2,0.6169639700766778,0.0019524220996790698
causal_trailing_window,cD2,0.6288671006366037,0.002011231182097507
causal_trailing_window,cD2,0.6409998791565376,0.0015017927919352806
causal_trailing_window,cD2,0.653366736251205,0.0017913006071080752
causal_trailing_window,cD2,0.665972188015502,0.0016837950964045903
causal_trailing_window,cD2,0.6788208376736705,0.0021754681879583297
causal_trailing_window,cD2,0.6919173772602912,0.002584158946806153
causal_trailing_window,cD2,0.705266589333708,0.0024631455349327295
causal_trailing_window,cD2,0.7188733487225089,0.0026824201671086277
causal_trailing_window,cD2,0.7327426243057032,0.002745919050115981
causal_trailing_window,cD2,0.7468794808272429,0.003950834003322746
causal_trailing_window,cD2,0.7612890807455516,0.003596457788099989
causal_trailing_window,cD2,0.7759766861187373,0.002566594937013448
causal_trailing_window,cD2,0.7909476605261763,0.0029765842014080335
causal_trailing_window,cD2,0.8062074710271702,0.00408367352054216
causal_trailing_window,cD2,0.8217616901573916,0.003607373916792993
causal_trailing_window,cD2,0.8376159979638477,0.003820387830882123
causal_trailing_window,cD2,0.8537761840791034,0.003738849919849088
causal_trailing_window,cD2,0.8702481498355248,0.004484371214554306
causal_trailing_window,cD2,0.8870379104203103,0.004322034387991685
causal_trailing_window,cD2,0.9041515970721005,0.004355382547163016
causal_trailing_window,cD2,0.9215954593199674,0.004193593324184443
causal_trailing_window,cD2,0.9393758672656,0.005274527594805095
causal_trailing_window,cD2,0.9574993139095204,0.005012025264238661
causal_trailing_window,cD2,0.9759724175221802,0.00642089872969855
causal_trailing_window,cD2,0.9948019240608021,0.005835128654975317
causal_trailing_window,cD2,1.0139947096328503,0.0056666771230339036
causal_trailing_window,cD2,1.0335577830070277,0.005235515290291594
causal_trailing_window,cD2,1.0534982881727202,0.006466430347799026
causal_trailing_window,cD2,1.073823506948818,0.006585399419894584
causal_trailing_window,cD2,1.0945408616428702,0.00669647367955517
causal_trailing_window,cD2,1.1156579177615438,0.007355807732997032
causal_trailing_window,cD2,1.137182386773373,0.008002841435487821
causal_trailing_window,cD2,1.159122128924814,0.006321591820322925
causal_trailing_window,cD2,1.1814851561106259,0.006055365229941001
causal_trailing_window,cD2,1.2042796347996347,0.0069016284934396615
causal_trailing_window,cD2,1.2275138890169406,0.007695980364166885
causal_trailing_window,cD2,1.251196403383663,0.008177458870360546
causal_trailing_window,cD2,1.2753358262153307,0.0079415299000275
causal_trailing_window,cD2,1.2999409726800508,0.010026548578370095
causal_trailing_window,cD2,1.3250208280176075,0.008774384653197607
causal_trailing_window,cD2,1.3505845508206658,0.009414939534517915
causal_trailing_window,cD2,1.3766414763792836,0.008242579079970088
causal_trailing_window,cD2,1.4032011200899448,0.010371643026276642
causal_trailing_window,cD2,1.4302731809303677,0.010662236098484924
causal_trailing_window,cD2,1.4578675450013503,0.008105576918762769
causal_trailing_window,cD2,1.4859942891369484,0.009679025163887352
causal_trailing_window,cD2,1.5146636845843082,0.012012409173518876
causal_trailing_window,cD2,1.54388620075449,0.0108777625180824
causal_trailing_window,cD2,1.573672509045661,0.014174618160012666
causal_trailing_window,cD2,1.6040334867400448,0.011221601744076297
causal_trailing_window,cD2,1.63498022097606,0.01235639189027547
causal_trailing_window,cD2,1.6665240127970893,0.012140225470844894
causal_trailing_window,cD2,1.6986763812783636,0.011129444439127776
causal_trailing_window,cD2,1.7314490677334669,0.012581808372155032
causal_trailing_window,cD2,1.7648540400019963,0.011456027552967665
causal_trailing_window,cD2,1.7989034968199455,0.012769247652634683
causal_trailing_window,cD2,1.8336098722744048,0.012305833591921972
causal_trailing_window,cD2,1.8689858403442072,0.015232961857286575
causal_trailing_window,cD2,1.9050443195281779,0.012649721292735687
causal_trailing_window,cD2,1.9417984775626749,0.009797930042902993
causal_trailing_window,cD2,1.979261736230148,0.011741962934290645
causal_trailing_window,cD2,2.017447776260468,0.013069750459132634
causal_trailing_window,cD2,2.056370542326817,0.009314546251126026
causal_trailing_window,cD2,2.0960442481379675,0.01301899230181697
causal_trailing_window,cD2,2.1364833816288047,0.012058683926160371
causal_trailing_window,cD2,2.1777027102509914,0.013406252224068724
causal_trailing_window,cD2,2.2197172863657038,0.01186793785306417
causal_trailing_window,cD2,2.262542452740414,0.010914727404436142
causal_trailing_window,cD2,2.306193848151716,0.011563532613730802
causal_trailing_window,cD2,2.3506874130962556,0.010341585011680605
causal_trailing_window,cD2,2.3960393956118335,0.009676326401101986
causal_trailing_window,cD2,2.442266357210821,0.008987553079001913
causal_trailing_window,cD2,2.4893851789280466,0.010320015847061633
causal_trailing_window,cD2,2.5374130674853674,0.01016301133466828
causal_trailing_window,cD2,2.5863675615751704,0.009692757742323643
causal_trailing_window,cD2,2.6362665382651063,0.008400622372583336
causal_trailing_window,cD2,2.687128219526386,0.01007538291647077
causal_trailing_window,cD2,2.7389711788880295,0.008255480327975002
causal_trailing_window,cD2,2.7918143482195,0.008499593813487222
causal_trailing_window,cD2,2.845677024644188,0.007155184945402874
causal_trailing_window,cD2,2.900578877586283,0.005807463442990484
causal_trailing_window,cD2,2.956539955953601,0.0077926334405045445
causal_trailing_window,cD2,3.013580695458988,0.007272017642030719
causal_trailing_window,cD2,3.0717219260829776,0.007190513292170088
causal_trailing_window,cD2,3.130984879680427,0.007477311052513155
causal_trailing_window,cD2,3.191391197733908,0.004743464655316207
causal_trailing_window,cD2,3.2529629392566797,0.006418861943835193
causal_trailing_window,cD2,3.3157225888481467,0.006688952003599432
causal_trailing_window,cD2,3.379693064904713,0.0056642744834515535
causal_trailing_window,cD2,3.4448977279890705,0.005948251286214255
causal_trailing_window,cD2,3.5113603893609313,0.006092547762203152
causal_trailing_window,cD2,3.579105319672374,0.007016793714843188
causal_trailing_window,cD2,3.6481572578309183,0.005779677246858703
causal_trailing_window,cD2,3.7185414200336253,0.005505651388843918
causal_trailing_window,cD2,3.790283508975467,0.0051578687766077646
causal_trailing_window,cD2,3.863409723235371,0.004498069221537226
causal_trailing_window,cD2,3.9379467668433517,0.004113205592504366
causal_trailing_window,cD2,4.0139218590322,0.0039356588190890595
causal_trailing_window,cD2,4.091362744177346,0.003985890726699906
causal_trailing_window,cD2,4.170297701928455,0.0032896298592211444
causal_trailing_window,cD2,4.250755557536529,0.0033662988565235225
causal_trailing_window,cD2,4.332765692380219,0.002860157629530635
causal_trailing_window,cD2,4.41635805469525,0.003092497756095603
causal_trailing_window,cD2,4.50156317051082,0.0023671621173627336
causal_trailing_window,cD2,4.588412154797026,0.0023822278543367313
causal_trailing_window,cD2,4.676936722827329,0.003321713694215291
causal_trailing_window,cD2,4.767169201760267,0.0024903477258891994
causal_trailing_window,cD2,4.859142542444581,0.002341425862622894
causal_trailing_window,cD2,4.952890331452131,0.0024178292584686044
causal_trailing_window,cD2,5.04844680334293,0.002941408845823628
causal_trailing_window,cD2,5.145846853166851,0.0032077377408044993
causal_trailing_window,cD2,5.245126049206475,0.00324308864299113
causal_trailing_window,cD2,5.346320645965852,0.0028855262563149127
causal_trailing_window,cD2,5.449467597409789,0.003443476640575253
causal_trailing_window,cD2,5.554604570458625,0.0022731880734487937
causal_trailing_window,cD2,5.661769958743311,0.002985958696351086
causal_trailing_window,cD2,5.7710028966259115,0.002775290313222249
causal_trailing_window,cD2,5.882343273490564,0.0029351783378253624
causal_trailing_window,cD2,5.995831748310182,0.0027993513234240005
causal_trailing_window,cD2,6.111509764494199,0.002788593654125467
causal_trailing_window,cD2,6.229419565022735,0.00281461716770915
causal_trailing_window,cD2,6.349604207872799,0.002757664133473777
causal_trailing_window,cD2,6.472107581742054,0.00198073618945387
causal_trailing_window,cD2,6.596974422076001,0.0018263066723888046
causal_trailing_window,cD2,6.724250327404317,0.001713098555625572
causal_trailing_window,cD2,6.853981775992426,0.0014144524168176996
causal_trailing_window,cD2,6.986216142814284,0.0013524626902411373
causal_trailing_window,cD2,7.1210017168526605,0.001293699990702811
causal_trailing_window,cD2,7.258387718733156,0.0011787172819406658
causal_trailing_window,cD2,7.398424318698476,0.0008916137527641551
causal_trailing_window,cD2,7.541162654929443,0.0009700611738002469
causal_trailing_window,cD2,7.686654852219517,0.0007725034888607053
causal_trailing_window,cD2,7.834954041009559,0.0008365788858880026
causal_trailing_window,cD2,7.98611437678989,0.0009463012173785346
causal_trailing_window,cD2,8.140191059876614,0.0009143791066097911
causal_trailing_window,cD2,8.297240355569535,0.0008514354607960968
causal_trailing_window,cD2,8.457319614698973,0.0010178266430615928
causal_trailing_window,cD2,8.620487294568951,0.0010641679117081762
causal_trailing_window,cD2,8.786802980304513,0.0011579708491725824
causal_trailing_window,cD2,8.956327406610816,0.001772686409950992
causal_trailing_window,cD2,9.129122479952105,0.0016595650925559156
causal_trailing_window,cD2,9.3052513011585,0.004739209125459229
causal_trailing_window,cD2,9.484778188469026,0.004775259422288178
causal_trailing_window,cD2,9.667768701019135,0.003309733544851561
causal_trailing_window,cD2,9.854289662781447,0.0048770240882790245
causal_trailing_window,cD2,10.044409186968307,0.008170376780024574
causal_trailing_window,cD2,10.238196700905213,0.013036198646741687
causal_trailing_window,cD2,10.43572297138407,0.01354975194457719
causal_trailing_window,cD2,10.63706013050564,0.016280624290096603
causal_trailing_window,cD2,10.842281702020514,0.015021142320430251
causal_trailing_window,cD2,11.051462628178331,0.01161195917208624
causal_trailing_window,cD2,11.264679297094995,0.014736175334166934
causal_trailing_window,cD2,11.48200957064784,0.016568740307879967
causal_trailing_window,cD2,11.70353281290906,0.0158860871482202
causal_trailing_window,cD2,11.929329919127625,0.01955660409607709
causal_trailing_window,cD2,12.159483345270418,0.023102207821698563
causal_trailing_window,cD2,12.394077138133245,0.0244845443844938
causal_trailing_window,cD2,12.633196966032852,0.028503248549185737
causal_trailing_window,cD2,12.876930150091003,0.02886217068735448
causal_trailing_window,cD2,13.12536569612221,0.022302676816800076
causal_trailing_window,cD2,13.378594327136586,0.019890749314791033
causal_trailing_window,cD2,13.636708516469879,0.012940355273373077
causal_trailing_window,cD2,13.899802521552571,0.009994064798995504
causal_trailing_window,cD2,14.167972418330605,0.010342422320741226
causal_trailing_window,cD2,14.441316136350085,0.009309057365525175
causal_trailing_window,cD2,14.719933494518948,0.009608846667968417
causal_trailing_window,cD2,15.003926237558561,0.0027121554045971704
causal_trailing_window,cD2,15.293398073158553,0.0012436203070187687
causal_trailing_window,cD2,15.58845470984854,0.0012119319637677137
causal_trailing_window,cD2,15.889203895600431,0.0012628719652202638
causal_trailing_window,cD2,16.195755457175594,0.0011895929175995432
causal_trailing_window,cD2,16.508221340231017,0.0008902415825675035
causal_trailing_window,cD2,16.8267156501994,0.0008487268574024468
causal_trailing_window,cD2,17.15135469395778,0.0008071358151760863
causal_trailing_window,cD2,17.48225702230024,0.0009202226710780519
causal_trailing_window,cD2,17.81954347322987,0.0007131311333516266
causal_trailing_window,cD2,18.163337216086152,0.0005808503931864017
causal_trailing_window,cD2,18.513763796523516,0.0006204227981321489
causal_trailing_window,cD2,18.87095118235783,0.0006070850003587489
causal_trailing_window,cD2,19.235029810297274,0.0005091909089343899
causal_trailing_window,cD2,19.606132633574916,0.0004905644985348018
causal_trailing_window,cD2,19.984395170500147,0.000458675556247701
causal_trailing_window,cD2,20.369955553946927,0.0004662487904711689
causal_trailing_window,cD2,20.76295458179678,0.0005044576808842495
causal_trailing_window,cD2,21.163535768354915,0.0004825938155024379
causal_trailing_window,cD2,21.571845396758473,0.00047719811908778815
causal_trailing_window,cD2,21.988032572395706,0.0004656466417543356
causal_trailing_window,cD2,22.412249277355972,0.0004178944935488051
causal_trailing_window,cD2,22.84465042593003,0.00038346603699099507
causal_trailing_window,cD2,23.28539392118133,0.0003260570113282026
causal_trailing_window,cD2,23.73464071260851,0.00034437554544851904
causal_trailing_window,cD2,24.192554854920584,0.0003507733142634455
causal_trailing_window,cD2,24.659303567945905,0.0003440899272032373
causal_trailing_window,cD2,25.135057297697138,0.0003446128508917806
causal_trailing_window,cD2,25.619989778614165,0.00037196379610546703
causal_trailing_window,cD2,26.114278097008047,0.00033397507110624267
causal_trailing_window,cD2,26.618102755728817,0.0003002635260070807
causal_trailing_window,cD2,27.131647740081124,0.00027275350171977817
causal_trailing_window,cD2,27.655100585011386,0.00025353693564353184
causal_trailing_window,cD2,28.188652443591323,0.00030246240266618136
causal_trailing_window,cD2,28.73249815682275,0.00034077768635650365
causal_trailing_window,cD2,29.286836324788993,0.0003649183267273579
causal_trailing_window,cD2,29.85186937917922,0.0003549360896269333
causal_trailing_window,cD2,30.427803657211786,0.00032198227577686283
causal_trailing_window,cD2,31.014849476984,0.00026849644244355457
causal_trailing_window,cD2,31.613221214275406,0.00028642543647076826
causal_trailing_window,cD2,32.22313738083303,0.0002959356277698482
causal_trailing_window,cD2,32.84482070416682,0.00028668492194079074
causal_trailing_window,cD2,33.47849820888475,0.0002689505264450217
causal_trailing_window,cD2,34.12440129959695,0.00024731817869943937
causal_trailing_window,cD2,34.7827658454195,0.0002455698489896842
causal_trailing_window,cD2,35.453832266108364,0.00024500821249760774
causal_trailing_window,cD2,36.137845619855355,0.0002479429763738036
causal_trailing_window,cD2,36.835055692777644,0.00024481579558560614
causal_trailing_window,cD2,37.54571709013408,0.0002313710356606051
causal_trailing_window,cD2,38.27008932930125,0.0002245296935901245
causal_trailing_window,cD2,39.00843693454322,0.00022528420731289831
causal_trailing_window,cD2,39.7610295336099,0.00023019897807307404
causal_trailing_window,cD2,40.52814195619885,0.0002394316073116901
causal_trailing_window,cD2,41.310054334316966,0.00023552054103678405
causal_trailing_window,cD2,42.10705220457815,0.00021478195788443823
causal_trailing_window,cD2,42.91942661247497,0.00020124380382814078
causal_trailing_window,cD2,43.74747421866168,0.00020459682977774335
causal_trailing_window,cD2,44.59149740728809,0.0002070232970701536
causal_trailing_window,cD2,45.451804396423235,0.0001982821899516783
causal_trailing_window,cD2,46.32870935060979,0.00018937244002046837
causal_trailing_window,cD2,47.22253249558958,0.00018744445690685343
causal_trailing_window,cD2,48.133600235242994,0.00018781347873497568
causal_trailing_window,cD2,49.062245270784004,0.0001852976214055429
causal_trailing_window,cD2,50.008806722255244,0.00017656651659134722
causal_trailing_window,cD2,50.97363025236692,0.00016766696193959812
causal_trailing_window,cD2,51.95706819272496,0.00016509709409224065
causal_trailing_window,cD2,52.95947967249436,0.00016445911991700094
causal_trailing_window,cD2,53.98123074954523,0.00016405094948328472
causal_trailing_window,cD2,55.02269454412866,0.0001663033680006708
causal_trailing_window,cD2,56.08425137513179,0.00016859924259165032
causal_trailing_window,cD2,57.16628889896145,0.00016958366854165504
causal_trailing_window,cD2,58.269202251107764,0.000166578694192425
causal_trailing_window,cD2,59.39339419043843,0.00016351574465543208
causal_trailing_window,cD2,60.53927524627722,0.00015994879196951163
causal_trailing_window,cD2,61.7072638683197,0.00015505703654413442
causal_trailing_window,cD2,62.897786579441885,0.00015007090412703724
causal_trailing_window,cD2,64.11127813145649,0.00014525124357881827
causal_trailing_window,cD2,65.34818166387448,0.00014299054428779318
causal_trailing_window,cD2,66.60894886572933,0.00014068622916160937
causal_trailing_window,cD2,67.89404014052396,0.0001383374567168
causal_trailing_window,cD2,69.20392477435938,0.00013372872342193605
causal_trailing_window,cD2,70.53908110730714,0.00012813360768883694
causal_trailing_window,cD2,71.89999670808868,0.00012243054498265816
causal_trailing_window,cD2,73.28716855212397,0.000117211306358919
causal_trailing_window,cD2,74.70110320301589,0.00011710452260602362
causal_trailing_window,cD2,76.14231699753532,0.00011699567866644956
causal_trailing_window,cD2,77.61133623417611,0.000116884734792866
causal_trailing_window,cD2,79.10869736534697,0.00011474673237823251
causal_trailing_window,cD2,80.63494719327193,0.00010552738677664186
causal_trailing_window,cD2,82.1906430696696,9.613017167262492e-05
causal_trailing_window,cD2,83.77635309928597,8.655165541698827e-05
causal_trailing_window,cD2,85.39265634735295,7.710431366599664e-05
causal_trailing_window,cD2,87.04014305105,7.59276797793277e-05
causal_trailing_window,cD2,88.71941483504492,7.472834500986252e-05
causal_trailing_window,cD2,90.43108493119412,7.350587138782508e-05
causal_trailing_window,cD2,92.17577840248063,7.225981249365675e-05
causal_trailing_window,cD2,93.95413237127259,7.071013127550531e-05
causal_trailing_window,cD2,95.76679625198642,6.882843973024682e-05
causal_trailing_window,cD2,97.61443198823778,6.691044457371921e-05
causal_trailing_window,cD2,99.49771429456864,6.495544539772074e-05
causal_trailing_window,cD2,101.4173309028371,6.296272828102392e-05
causal_trailing_window,cD2,103.37398281336215,6.107974555728193e-05
causal_trailing_window,cD2,105.36838455091261,5.931282020012057e-05
causal_trailing_window,cD2,107.40126442563553,5.751180542406919e-05
causal_trailing_window,cD2,109.47336479901804,5.567604353950031e-05
causal_trailing_window,cD2,111.58544235498152,5.380486416793258e-05
causal_trailing_window,cD2,113.73826837620499,5.18975839972241e-05
causal_trailing_window,cD2,115.93262902578012,5.1272637136635144e-05
causal_trailing_window,cD2,118.1693256342997,5.066028614515011e-05
causal_trailing_window,cD2,120.44917499248609,5.003612102163524e-05
causal_trailing_window,cD2,122.77300964946404,4.939991383518558e-05
causal_trailing_window,cD2,125.14167821678903,4.8751432257408755e-05
causal_trailing_window,cD2,127.55604567834034,4.8090439477583925e-05
causal_trailing_window,cD2,130.01699370619426,4.74448563474097e-05
causal_trailing_window,cD2,132.52542098259033,4.67931362298306e-05
causal_trailing_window,cD2,135.08224352810922,4.612884242882055e-05
causal_trailing_window,cD2,137.68839503618338,4.5451732359394404e-05
causal_trailing_window,cD2,140.3448272140602,4.476155875635732e-05
causal_trailing_window,cD2,143.052510130344,4.405806958400917e-05
causal_trailing_window,cD2,145.81243256924256,4.334100794410692e-05
causal_trailing_window,cD2,148.62560239164944,4.255193455532863e-05
causal_trailing_window,cD2,151.49304690319124,4.173564312507265e-05
causal_trailing_window,cD2,154.41581322937657,4.090360292513064e-05
causal_trailing_window,cD2,157.39496869798185,4.0055510113348516e-05
causal_trailing_window,cD2,160.4316012288161,3.919105498552331e-05
causal_trailing_window,cD2,163.52681973100383,3.8309921862306545e-05
causal_trailing_window,cD2,166.68175450793376,3.741178897392513e-05
causal_trailing_window,cD2,169.89755767001927,3.649632834267859e-05
causal_trailing_window,cD2,173.17540355542388,3.5415007589996264e-05
causal_trailing_window,cD2,176.5164891589024,3.4266514877761405e-05
causal_trailing_window,cD2,179.92203456891554,3.309586421244687e-05
causal_trailing_window,cD2,183.39328341317966,3.190262809905895e-05
causal_trailing_window,cD2,186.93150331281046,3.068637079491219e-05
causal_trailing_window,cD2,190.5379863452299,2.9446648150505833e-05
causal_trailing_window,cD2,194.21404951600263,2.818300744733084e-05
causal_trailing_window,cD2,197.9610352397776,2.6894987232546994e-05
causal_trailing_window,cD2,201.78031183050666,2.558211715047107e-05
causal_trailing_window,cD2,205.673274001122,2.4414736332838676e-05
causal_trailing_window,cD2,209.64134337285284,2.382690136880957e-05
causal_trailing_window,cD2,213.6859689943703,2.3227725262243958e-05
causal_trailing_window,cD2,217.80862787094637,2.2616989207657473e-05
causal_trailing_window,cD2,222.01082550382282,2.1994470178135656e-05
causal_trailing_window,cD2,226.29409643998534,2.1359940843889728e-05
causal_trailing_window,cD2,230.66000483254638,2.0713169489240744e-05
causal_trailing_window,cD2,235.11014501193776,2.005391992800236e-05
causal_trailing_window,cD2,239.64614206812294,1.9381951417231165e-05
causal_trailing_window,cD2,244.26965244404465,1.8697018569312572e-05
causal_trailing_window,cD2,248.9823645405189,1.799887126235103e-05
causal_trailing_window,cD2,253.7859993328012,1.7287254548831085e-05
causal_trailing_window,cD2,258.68231099904665,1.6771659565158782e-05
causal_trailing_window,cD2,263.6730875608972,1.6422587515236178e-05
causal_trailing_window,cD2,268.7601515364256,1.6066780792971963e-05
causal_trailing_window,cD2,273.94536060567816,1.5704109465844847e-05
causal_trailing_window,cD2,279.2306082890559,1.5334441094536062e-05
causal_trailing_window,cD2,284.61782463878706,1.4957640684565408e-05
causal_trailing_window,cD2,290.1089769437368,1.4573570636994436e-05
causal_trailing_window,cD2,295.7060704478174,1.4182090698178372e-05
causal_trailing_window,cD2,301.4111490822561,1.3783057908548792e-05
causal_trailing_window,cD2,307.2262962119944,1.3376326550407888e-05
causal_trailing_window,cD2,313.1536353964843,1.2961748094715762e-05
causal_trailing_window,cD2,319.1953311651634,1.2539171146851055e-05
causal_trailing_window,cD2,325.3535898078933,1.2108441391324949e-05
causal_trailing_window,cD2,331.6306601806454,1.1669401535428745e-05
causal_trailing_window,cD2,338.0288345267327,1.1221891251794098e-05
causal_trailing_window,cD2,344.5504493138833,1.088515819621774e-05
causal_trailing_window,cD2,351.1978860874675,1.0666949409886345e-05
causal_trailing_window,cD2,357.9735723401825,1.0444530705635915e-05
causal_trailing_window,cD2,364.8799823985184,1.021782086121511e-05
causal_trailing_window,cD2,371.9196383263243,9.986737087345848e-06
causal_trailing_window,cD2,379.0951108458109,9.751194997490477e-06
causal_trailing_window,cD2,386.4090202763185,9.51110857703577e-06
causal_trailing_window,cD2,393.86403749119825,9.266390151882332e-06
causal_trailing_window,cD2,401.46288489315356,9.016950356428044e-06
causal_trailing_window,cD2,409.20833740840123,8.762698100933726e-06
causal_trailing_window,cD2,417.1032235000108,8.503540538259252e-06
causal_trailing_window,cD2,425.1504262007932,8.239383029957947e-06
causal_trailing_window,cD2,433.3528841661216,7.970129111716686e-06
causal_trailing_window,cD2,441.7135927470597,7.695680458129369e-06
causal_trailing_window,cD2,450.2356050841965,7.415936846790718e-06
causal_trailing_window,cD2,458.9220332225824,7.130796121697355e-06
causal_trailing_window,cD2,467.7760492481795,6.840154155942704e-06
causal_trailing_window,cD2,476.80088644623385,6.5439048136922365e-06
causal_trailing_window,cD2,485.9998404819983,6.24193991142508e-06
causal_trailing_window,cD2,495.3762706042327,5.934149178427897e-06
causal_trailing_window,cD2,504.9336008719279,5.620420216526446e-06
causal_trailing_window,cD2,514.6753214046926,5.372215107664501e-06
causal_trailing_window,cD2,524.6049896572661,5.311926203857325e-06
causal_trailing_window,cD2,534.7262317186182,5.250474141862417e-06
causal_trailing_window,cD2,545.0427436361176,5.187836480784617e-06
causal_trailing_window,cD2,555.5582927652417,5.1239903467749436e-06
causal_trailing_window,cD2,566.276719145331,5.0589124246775935e-06
causal_trailing_window,cD2,577.2019369018808,4.9925789495157855e-06
causal_trailing_window,cD2,588.3379356758954,4.924965697813302e-06
causal_trailing_window,cD2,599.6887820808116,4.856047978748654e-06
causal_trailing_window,cD2,611.2586211875322,4.7858006251385475e-06
causal_trailing_window,cD2,623.0516780381147,4.714197984247391e-06
causal_trailing_window,cD2,635.0722591886586,4.641213908419513e-06
causal_trailing_window,cD2,647.3247542819628,4.56682174553062e-06
causal_trailing_window,cD2,659.8136376505205,4.490994329255069e-06
causal_trailing_window,cD2,672.5434699504481,4.413703969145312e-06
causal_trailing_window,cD2,685.5188998269297,4.334922440520002e-06
causal_trailing_window,cD2,698.7446656117985,4.254620974156959e-06
causal_trailing_window,cD2,712.2255970538649,4.172770245787335e-06
causal_trailing_window,cD2,725.9666170826351,4.08934036538702e-06
causal_trailing_window,cD2,739.9727436060498,4.004300866261514e-06
causal_trailing_window,cD2,754.2490913429119,3.917620693920167e-06
causal_trailing_window,cD2,768.8008736906626,3.829268194735803e-06
causal_trailing_window,cD2,783.6334046291995,3.739211104385512e-06
causal_trailing_window,cD2,798.7521006614194,3.647416536068468e-06
causal_trailing_window,cD2,814.1624827911994,3.553850968496425e-06
causal_trailing_window,cD2,829.8701785395466,3.4584802336524832e-06
causal_trailing_window,cD2,845.8809239996378,3.361269504313721e-06
causal_trailing_window,cD2,862.2005659315118,3.262183281333077e-06
causal_trailing_window,cD2,878.8350638971696,3.161185380675894e-06
causal_trailing_window,cD2,895.7904924368759,3.058238920206293e-06
causal_trailing_window,cD2,913.0730432874402,2.953306306218685e-06
causal_trailing_window,cD2,930.6890276432995,2.846349219709389e-06
causal_trailing_window,cD2,948.6448784612195,2.7373286023834245e-06
causal_trailing_window,cD2,966.9471528094692,2.626204642391287e-06
causal_trailing_window,cD2,985.6025342623101,2.512936759790576e-06
causal_trailing_window,cD2,1004.6178353406866,2.397483591727119e-06
causal_trailing_window,cD1,0.5,0.00025038273452981333
causal_trailing_window,cD1,0.5096465362138136,0.0006794856999896856
causal_trailing_window,cD1,0.5194791837494761,0.0005298332120176756
causal_trailing_window,cD1,0.5295015332661994,0.0005532029898609778
causal_trailing_window,cD1,0.539717244698044,0.0005273171064970914
causal_trailing_window,cD1,0.5501300485904428,0.0006733975607009424
causal_trailing_window,cD1,0.5607437474625123,0.0005211475396530863
causal_trailing_window,cD1,0.5715622171956457,0.0005086858746211751
causal_trailing_window,cD1,0.5825894084488966,0.0005023610650120508
causal_trailing_window,cD1,0.5938293481016697,0.0005379064613255958
causal_trailing_window,cD1,0.6052861407242459,0.0004598322208224987
causal_trailing_window,cD1,0.6169639700766778,0.0007790632908975578
causal_trailing_window,cD1,0.6288671006366037,0.0007470095178060374
causal_trailing_window,cD1,0.6409998791565376,0.0005175043459755366
causal_trailing_window,cD1,0.653366736251205,0.0005717750591328833
causal_trailing_window,cD1,0.665972188015502,0.0005003559664828546
causal_trailing_window,cD1,0.6788208376736705,0.000601839659371191
causal_trailing_window,cD1,0.6919173772602912,0.000666675545148908
causal_trailing_window,cD1,0.705266589333708,0.0005961293464897091
causal_trailing_window,cD1,0.7188733487225089,0.0006115874928214318
causal_trailing_window,cD1,0.7327426243057032,0.0005893374486884982
causal_trailing_window,cD1,0.7468794808272429,0.0008034542591824837
causal_trailing_window,cD1,0.7612890807455516,0.000688142339790946
causal_trailing_window,cD1,0.7759766861187373,0.0004653686584939677
causal_trailing_window,cD1,0.7909476605261763,0.00050853693596601
causal_trailing_window,cD1,0.8062074710271702,0.000658066235600556
causal_trailing_window,cD1,0.8217616901573916,0.0005455952196767002
causal_trailing_window,cD1,0.8376159979638477,0.0005413892552845151
causal_trailing_window,cD1,0.8537761840791034,0.0004948005925156157
causal_trailing_window,cD1,0.8702481498355248,0.0005516762581895166
causal_trailing_window,cD1,0.8870379104203103,0.0004955100924128766
causal_trailing_window,cD1,0.9041515970721005,0.00046219715545951486
causal_trailing_window,cD1,0.9215954593199674,0.00041235734806145257
causal_trailing_window,cD1,0.9393758672656,0.0004819164972339294
causal_trailing_window,cD1,0.9574993139095204,0.0004211714392467828
causal_trailing_window,cD1,0.9759724175221802,0.0004993845616457065
causal_trailing_window,cD1,0.9948019240608021,0.0004195213214169481
causal_trailing_window,cD1,1.0139947096328503,0.00037596868074927955
causal_trailing_window,cD1,1.0335577830070277,0.0003208580650006742
causal_trailing_window,cD1,1.0534982881727202,0.00036207425147658347
causal_trailing_window,cD1,1.073823506948818,0.0003403059418753976
causal_trailing_window,cD1,1.0945408616428702,0.0003170495414233769
causal_trailing_window,cD1,1.1156579177615438,0.000319212013069022
causal_trailing_window,cD1,1.137182386773373,0.00031651475534779023
causal_trailing_window,cD1,1.159122128924814,0.00022745917765512358
causal_trailing_window,cD1,1.1814851561106259,0.0001972557936332033
causal_trailing_window,cD1,1.2042796347996347,0.00020397341630221745
causal_trailing_window,cD1,1.2275138890169406,0.0002052890438872274
causal_trailing_window,cD1,1.251196403383663,0.00019623731256738117
causal_trailing_window,cD1,1.2753358262153307,0.00017075238125275073
causal_trailing_window,cD1,1.2999409726800508,0.00019372758083851114
causal_trailing_window,cD1,1.3250208280176075,0.0001512758207311365
causal_trailing_window,cD1,1.3505845508206658,0.00014432746224291975
causal_trailing_window,cD1,1.3766414763792836,0.00011269280039355268
causal_trailing_window,cD1,1.4032011200899448,0.00012738269994785488
causal_trailing_window,cD1,1.4302731809303677,0.00011665969306231181
causal_trailing_window,cD1,1.4578675450013503,7.911096537556121e-05
causal_trailing_window,cD1,1.4859942891369484,8.458048228565414e-05
causal_trailing_window,cD1,1.5146636845843082,9.372575304925491e-05
causal_trailing_window,cD1,1.54388620075449,7.611050480422548e-05
causal_trailing_window,cD1,1.573672509045661,8.878101661435794e-05
causal_trailing_window,cD1,1.6040334867400448,6.313022112804067e-05
causal_trailing_window,cD1,1.63498022097606,6.252931318440256e-05
causal_trailing_window,cD1,1.6665240127970893,5.568671756322316e-05
causal_trailing_window,cD1,1.6986763812783636,4.620297382788328e-05
causal_trailing_window,cD1,1.7314490677334669,4.722845362940407e-05
causal_trailing_window,cD1,1.7648540400019963,3.916146578265705e-05
causal_trailing_window,cD1,1.7989034968199455,4.0088400457331134e-05
causal_trailing_window,cD1,1.8336098722744048,3.503542583381438e-05
causal_trailing_window,cD1,1.8689858403442072,3.977076115287607e-05
causal_trailing_window,cD1,1.9050443195281779,3.0331628288692084e-05
causal_trailing_window,cD1,1.9417984775626749,2.1627982790877778e-05
causal_trailing_window,cD1,1.979261736230148,2.3965893104699518e-05
causal_trailing_window,cD1,2.017447776260468,2.467979119471233e-05
causal_trailing_window,cD1,2.056370542326817,1.6424120545712366e-05
causal_trailing_window,cD1,2.0960442481379675,2.1413391182110213e-05
causal_trailing_window,cD1,2.1364833816288047,1.8333489584417392e-05
causal_trailing_window,cD1,2.1777027102509914,1.9176050227266615e-05
causal_trailing_window,cD1,2.2197172863657038,1.5850575181966515e-05
causal_trailing_window,cD1,2.262542452740414,1.3679082322872624e-05
causal_trailing_window,cD1,2.306193848151716,1.3615287124992411e-05
causal_trailing_window,cD1,2.3506874130962556,1.1621600500683605e-05
causal_trailing_window,cD1,2.3960393956118335,1.0265450244564487e-05
causal_trailing_window,cD1,2.442266357210821,9.108026217295614e-06
causal_trailing_window,cD1,2.4893851789280466,9.93370025649979e-06
causal_trailing_window,cD1,2.5374130674853674,9.295679083698858e-06
causal_trailing_window,cD1,2.5863675615751704,8.513933788712554e-06
causal_trailing_window,cD1,2.6362665382651063,7.026741243211672e-06
causal_trailing_window,cD1,2.687128219526386,8.108478621648395e-06
causal_trailing_window,cD1,2.7389711788880295,6.371234469558615e-06
causal_trailing_window,cD1,2.7918143482195,6.326684174359685e-06
causal_trailing_window,cD1,2.845677024644188,5.1819330098553365e-06
causal_trailing_window,cD1,2.900578877586283,4.053575153738477e-06
causal_trailing_window,cD1,2.956539955953601,5.311532960235492e-06
causal_trailing_window,cD1,3.013580695458988,4.817224141110564e-06
causal_trailing_window,cD1,3.0717219260829776,4.580779567347361e-06
causal_trailing_window,cD1,3.130984879680427,4.73077177200563e-06
causal_trailing_window,cD1,3.191391197733908,2.9194207169630537e-06
causal_trailing_window,cD1,3.2529629392566797,3.7704718115871646e-06
causal_trailing_window,cD1,3.3157225888481467,3.892703549890621e-06
causal_trailing_window,cD1,3.379693064904713,3.1762787491611254e-06
causal_trailing_window,cD1,3.4448977279890705,3.3776942507268834e-06
causal_trailing_window,cD1,3.5113603893609313,3.4514723713014507e-06
causal_trailing_window,cD1,3.579105319672374,3.8115357859734157e-06
causal_trailing_window,cD1,3.6481572578309183,3.190936947038762e-06
causal_trailing_window,cD1,3.7185414200336253,2.9482674373467665e-06
causal_trailing_window,cD1,3.790283508975467,2.7576123679918177e-06
causal_trailing_window,cD1,3.863409723235371,2.362039709384613e-06
causal_trailing_window,cD1,3.9379467668433517,2.110257865123909e-06
causal_trailing_window,cD1,4.0139218590322,2.0043519667375436e-06
causal_trailing_window,cD1,4.091362744177346,2.0258015576201875e-06
causal_trailing_window,cD1,4.170297701928455,1.6527045306509922e-06
causal_trailing_window,cD1,4.250755557536529,1.6812911610203325e-06
causal_trailing_window,cD1,4.332765692380219,1.4208950350360577e-06
causal_trailing_window,cD1,4.41635805469525,1.535437734450121e-06
causal_trailing_window,cD1,4.50156317051082,1.1748285359882984e-06
causal_trailing_window,cD1,4.588412154797026,1.16134168527808e-06
causal_trailing_window,cD1,4.676936722827329,1.6283343235800698e-06
causal_trailing_window,cD1,4.767169201760267,1.2158604337111742e-06
causal_trailing_window,cD1,4.859142542444581,1.1199517794617144e-06
causal_trailing_window,cD1,4.952890331452131,1.1766642044232586e-06
causal_trailing_window,cD1,5.04844680334293,1.4103406608443228e-06
causal_trailing_window,cD1,5.145846853166851,1.5090565313735244e-06
causal_trailing_window,cD1,5.245126049206475,1.5353614757002653e-06
causal_trailing_window,cD1,5.346320645965852,1.4170252549777283e-06
causal_trailing_window,cD1,5.449467597409789,1.6555087310497233e-06
causal_trailing_window,cD1,5.554604570458625,1.0639002277317261e-06
causal_trailing_window,cD1,5.661769958743311,1.3394925114184435e-06
causal_trailing_window,cD1,5.7710028966259115,1.3066446642052602e-06
causal_trailing_window,cD1,5.882343273490564,1.371035264063282e-06
causal_trailing_window,cD1,5.995831748310182,1.2683419631161524e-06
causal_trailing_window,cD1,6.111509764494199,1.2838890189792657e-06
causal_trailing_window,cD1,6.229419565022735,1.2626579613411125e-06
causal_trailing_window,cD1,6.349604207872799,1.2139021218724313e-06
causal_trailing_window,cD1,6.472107581742054,8.953787823708485e-07
causal_trailing_window,cD1,6.596974422076001,7.928641375998861e-07
causal_trailing_window,cD1,6.724250327404317,7.411374161872744e-07
causal_trailing_window,cD1,6.853981775992426,6.109176847248153e-07
causal_trailing_window,cD1,6.986216142814284,5.83388787488208e-07
causal_trailing_window,cD1,7.1210017168526605,5.474424602174936e-07
causal_trailing_window,cD1,7.258387718733156,4.955355109165094e-07
causal_trailing_window,cD1,7.398424318698476,3.8119968616436285e-07
causal_trailing_window,cD1,7.541162654929443,4.299834090972353e-07
causal_trailing_window,cD1,7.686654852219517,3.050140511120847e-07
causal_trailing_window,cD1,7.834954041009559,3.4428883349343933e-07
causal_trailing_window,cD1,7.98611437678989,3.828572176324497e-07
causal_trailing_window,cD1,8.140191059876614,3.9207791625666296e-07
causal_trailing_window,cD1,8.297240355569535,3.643814979429327e-07
causal_trailing_window,cD1,8.457319614698973,4.3820680612558413e-07
causal_trailing_window,cD1,8.620487294568951,4.572644988733061e-07
causal_trailing_window,cD1,8.786802980304513,4.733318673674807e-07
causal_trailing_window,cD1,8.956327406610816,7.286488349650756e-07
causal_trailing_window,cD1,9.129122479952105,7.115295334353401e-07
causal_trailing_window,cD1,9.3052513011585,1.806308106608461e-06
causal_trailing_window,cD1,9.484778188469026,1.8997728090523027e-06
causal_trailing_window,cD1,9.667768701019135,1.3674822363426517e-06
causal_trailing_window,cD1,9.854289662781447,1.7010752953337328e-06
causal_trailing_window,cD1,10.044409186968307,2.963610193612146e-06
causal_trailing_window,cD1,10.238196700905213,4.4650174364597675e-06
causal_trailing_window,cD1,10.43572297138407,4.463431921465066e-06
causal_trailing_window,cD1,10.63706013050564,5.634139362320869e-06
causal_trailing_window,cD1,10.842281702020514,4.859372373864237e-06
causal_trailing_window,cD1,11.051462628178331,3.838663515283968e-06
causal_trailing_window,cD1,11.264679297094995,4.580376497397899e-06
causal_trailing_window,cD1,11.48200957064784,5.204177861379525e-06
causal_trailing_window,cD1,11.70353281290906,4.941004414688925e-06
causal_trailing_window,cD1,11.929329919127625,5.938193802214207e-06
causal_trailing_window,cD1,12.159483345270418,6.95938548738613e-06
causal_trailing_window,cD1,12.394077138133245,7.294021474450448e-06
causal_trailing_window,cD1,12.633196966032852,8.39104038595318e-06
causal_trailing_window,cD1,12.876930150091003,8.382656244901613e-06
causal_trailing_window,cD1,13.12536569612221,6.406984630891218e-06
causal_trailing_window,cD1,13.378594327136586,5.662385109331347e-06
causal_trailing_window,cD1,13.636708516469879,3.650438654929969e-06
causal_trailing_window,cD1,13.899802521552571,2.7922979310843223e-06
causal_trailing_window,cD1,14.167972418330605,2.858931928049439e-06
causal_trailing_window,cD1,14.441316136350085,2.5410762107079895e-06
causal_trailing_window,cD1,14.719933494518948,2.59968846364898e-06
causal_trailing_window,cD1,15.003926237558561,7.386521064390876e-07
causal_trailing_window,cD1,15.293398073158553,3.3884585036281145e-07
causal_trailing_window,cD1,15.58845470984854,3.251549014278821e-07
causal_trailing_window,cD1,15.889203895600431,3.3783631701735856e-07
causal_trailing_window,cD1,16.195755457175594,3.132320657382476e-07
causal_trailing_window,cD1,16.508221340231017,2.3567459694432182e-07
causal_trailing_window,cD1,16.8267156501994,2.2036477377064214e-07
causal_trailing_window,cD1,17.15135469395778,2.088673791332098e-07
causal_trailing_window,cD1,17.48225702230024,2.323368133288284e-07
causal_trailing_window,cD1,17.81954347322987,1.8073477548134025e-07
causal_trailing_window,cD1,18.163337216086152,1.4501991401104607e-07
causal_trailing_window,cD1,18.513763796523516,1.5787751746022977e-07
causal_trailing_window,cD1,18.87095118235783,1.565946104014909e-07
causal_trailing_window,cD1,19.235029810297274,1.267467123282269e-07
causal_trailing_window,cD1,19.606132633574916,1.274461403871443e-07
causal_trailing_window,cD1,19.984395170500147,1.1919213761267804e-07
causal_trailing_window,cD1,20.369955553946927,1.2507346126141954e-07
causal_trailing_window,cD1,20.76295458179678,1.3571865818358288e-07
causal_trailing_window,cD1,21.163535768354915,1.269805905169737e-07
causal_trailing_window,cD1,21.571845396758473,1.2447913663066378e-07
causal_trailing_window,cD1,21.988032572395706,1.229286026417955e-07
causal_trailing_window,cD1,22.412249277355972,1.1163318098209192e-07
causal_trailing_window,cD1,22.84465042593003,1.0336070802582883e-07
causal_trailing_window,cD1,23.28539392118133,9.350384359943643e-08
causal_trailing_window,cD1,23.73464071260851,9.012355581381301e-08
causal_trailing_window,cD1,24.192554854920584,8.606217120046662e-08
causal_trailing_window,cD1,24.659303567945905,8.881353314710072e-08
causal_trailing_window,cD1,25.135057297697138,9.242202656743639e-08
causal_trailing_window,cD1,25.619989778614165,8.816780771638767e-08
causal_trailing_window,cD1,26.114278097008047,8.948117561747932e-08
causal_trailing_window,cD1,26.618102755728817,7.848476466110873e-08
causal_trailing_window,cD1,27.131647740081124,6.74066477857284e-08
causal_trailing_window,cD1,27.655100585011386,6.535075538794073e-08
causal_trailing_window,cD1,28.188652443591323,7.779037417382567e-08
causal_trailing_window,cD1,28.73249815682275,8.57859403274011e-08
causal_trailing_window,cD1,29.286836324788993,8.876556632831748e-08
causal_trailing_window,cD1,29.85186937917922,8.47313971863213e-08
causal_trailing_window,cD1,30.427803657211786,7.933555253454872e-08
causal_trailing_window,cD1,31.014849476984,7.271423578880846e-08
causal_trailing_window,cD1,31.613221214275406,7.029657167870794e-08
causal_trailing_window,cD1,32.22313738083303,7.184382847046007e-08
causal_trailing_window,cD1,32.84482070416682,8.030180864140656e-08
causal_trailing_window,cD1,33.47849820888475,7.00895949280932e-08
causal_trailing_window,cD1,34.12440129959695,5.1617020693177556e-08
causal_trailing_window,cD1,34.7827658454195,6.544035678032581e-08
causal_trailing_window,cD1,35.453832266108364,7.509205385521662e-08
causal_trailing_window,cD1,36.137845619855355,6.658057380431261e-08
causal_trailing_window,cD1,36.835055692777644,6.02121146743493e-08
causal_trailing_window,cD1,37.54571709013408,5.758866611975849e-08
causal_trailing_window,cD1,38.27008932930125,5.88912679380653e-08
causal_trailing_window,cD1,39.00843693454322,6.46969131114284e-08
causal_trailing_window,cD1,39.7610295336099,6.618717661778718e-08
causal_trailing_window,cD1,40.52814195619885,6.319620930375068e-08
causal_trailing_window,cD1,41.310054334316966,6.052436520534626e-08
causal_trailing_window,cD1,42.10705220457815,5.82748307681501e-08
causal_trailing_window,cD1,42.91942661247497,5.617986782682842e-08
causal_trailing_window,cD1,43.74747421866168,5.449125595021768e-08
causal_trailing_window,cD1,44.59149740728809,5.2943620807337316e-08
causal_trailing_window,cD1,45.451804396423235,5.332962586974264e-08
causal_trailing_window,cD1,46.32870935060979,5.372307815577441e-08
causal_trailing_window,cD1,47.22253249558958,5.2350584759227503e-08
causal_trailing_window,cD1,48.133600235242994,5.037291634594926e-08
causal_trailing_window,cD1,49.062245270784004,4.851533632073176e-08
causal_trailing_window,cD1,50.008806722255244,4.695934635676057e-08
causal_trailing_window,cD1,50.97363025236692,4.537333656571782e-08
causal_trailing_window,cD1,51.95706819272496,4.39471086923947e-08
causal_trailing_window,cD1,52.95947967249436,4.255138826287173e-08
causal_trailing_window,cD1,53.98123074954523,4.148845870274072e-08
causal_trailing_window,cD1,55.02269454412866,4.436969613890994e-08
causal_trailing_window,cD1,56.08425137513179,4.73065214976165e-08
causal_trailing_window,cD1,57.16628889896145,4.88841294604694e-08
causal_trailing_window,cD1,58.269202251107764,4.630598715428255e-08
causal_trailing_window,cD1,59.39339419043843,4.3678104561853725e-08
causal_trailing_window,cD1,60.53927524627722,4.20211214629311e-08
causal_trailing_window,cD1,61.7072638683197,4.321615880781586e-08
causal_trailing_window,cD1,62.897786579441885,4.443425209474921e-08
causal_trailing_window,cD1,64.11127813145649,4.534360868017627e-08
causal_trailing_window,cD1,65.34818166387448,4.2916196858168044e-08
causal_trailing_window,cD1,66.60894886572933,4.04419528040663e-08
causal_trailing_window,cD1,67.89404014052396,3.7919972980225095e-08
causal_trailing_window,cD1,69.20392477435938,3.636403949766719e-08
causal_trailing_window,cD1,70.53908110730714,3.518928681123763e-08
causal_trailing_window,cD1,71.89999670808868,3.3991869536144213e-08
causal_trailing_window,cD1,73.28716855212397,3.297872408513032e-08
causal_trailing_window,cD1,74.70110320301589,3.376646371943975e-08
causal_trailing_window,cD1,76.14231699753532,3.4569401271567977e-08
causal_trailing_window,cD1,77.61133623417611,3.538782995604428e-08
causal_trailing_window,cD1,79.10869736534697,3.5571146182429914e-08
causal_trailing_window,cD1,80.63494719327193,3.3494986681301804e-08
causal_trailing_window,cD1,82.1906430696696,3.137877168454724e-08
causal_trailing_window,cD1,83.77635309928597,2.9221728398587888e-08
causal_trailing_window,cD1,85.39265634735295,2.713055768573803e-08
causal_trailing_window,cD1,87.04014305105,2.7874593897628216e-08
causal_trailing_window,cD1,88.71941483504492,2.8632984854043138e-08
causal_trailing_window,cD1,90.43108493119412,2.9406007502108632e-08
causal_trailing_window,cD1,92.17577840248063,3.019394413211149e-08
causal_trailing_window,cD1,93.95413237127259,3.028312263077006e-08
causal_trailing_window,cD1,95.76679625198642,2.9602527151641094e-08
causal_trailing_window,cD1,97.61443198823778,2.8908800894639385e-08
causal_trailing_window,cD1,99.49771429456864,2.820169052671636e-08
causal_trailing_window,cD1,101.4173309028371,2.74809378272507e-08
causal_trailing_window,cD1,103.37398281336215,2.67725272792985e-08
causal_trailing_window,cD1,105.36838455091261,2.607744200068255e-08
causal_trailing_window,cD1,107.40126442563553,2.5368946391442856e-08
causal_trailing_window,cD1,109.47336479901804,2.4646781725099476e-08
causal_trailing_window,cD1,111.58544235498152,2.3910684283543667e-08
causal_trailing_window,cD1,113.73826837620499,2.3160385260734122e-08
causal_trailing_window,cD1,115.93262902578012,2.3774888390812753e-08
causal_trailing_window,cD1,118.1693256342997,2.4427024268065614e-08
causal_trailing_window,cD1,120.44917499248609,2.509174185003097e-08
causal_trailing_window,cD1,122.77300964946404,2.57692838764491e-08
causal_trailing_window,cD1,125.14167821678903,2.6459897770255714e-08
causal_trailing_window,cD1,127.55604567834034,2.7163835727935024e-08
causal_trailing_window,cD1,130.01699370619426,2.6887638461797555e-08
causal_trailing_window,cD1,132.52542098259033,2.6383168776930157e-08
causal_trailing_window,cD1,135.08224352810922,2.5868966321895093e-08
causal_trailing_window,cD1,137.68839503618338,2.5344843321652582e-08
causal_trailing_window,cD1,140.3448272140602,2.48106083784054e-08
causal_trailing_window,cD1,143.052510130344,2.4266066401704755e-08
causal_trailing_window,cD1,145.81243256924256,2.3711018537207776e-08
causal_trailing_window,cD1,148.62560239164944,2.3929644153364456e-08
causal_trailing_window,cD1,151.49304690319124,2.4314203122876026e-08
causal_trailing_window,cD1,154.41581322937657,2.47061814164391e-08
causal_trailing_window,cD1,157.39496869798185,2.510572217560993e-08
causal_trailing_window,cD1,160.4316012288161,2.551297130358523e-08
causal_trailing_window,cD1,163.52681973100383,2.5928077518482635e-08
causal_trailing_window,cD1,166.68175450793376,2.6351192407649244e-08
causal_trailing_window,cD1,169.89755767001927,2.678247048301772e-08
causal_trailing_window,cD1,173.17540355542388,2.672499582221998e-08
causal_trailing_window,cD1,176.5164891589024,2.6511083356327436e-08
causal_trailing_window,cD1,179.92203456891554,2.6293043861737264e-08
causal_trailing_window,cD1,183.39328341317966,2.6070797715385886e-08
causal_trailing_window,cD1,186.93150331281046,2.584426375803618e-08
causal_trailing_window,cD1,190.5379863452299,2.5613359264639997e-08
causal_trailing_window,cD1,194.21404951600263,2.537799991412888e-08
causal_trailing_window,cD1,197.9610352397776,2.5138099758621824e-08
causal_trailing_window,cD1,201.78031183050666,2.4893571192039168e-08
causal_trailing_window,cD1,205.673274001122,2.468499097667049e-08
causal_trailing_window,cD1,209.64134337285284,2.4615718462960402e-08
causal_trailing_window,cD1,213.6859689943703,2.4545109469626063e-08
causal_trailing_window,cD1,217.80862787094637,2.4473138211869282e-08
causal_trailing_window,cD1,222.01082550382282,2.4399778407423885e-08
causal_trailing_window,cD1,226.29409643998534,2.432500326695806e-08
causal_trailing_window,cD1,230.66000483254638,2.4248785484291437e-08
causal_trailing_window,cD1,235.11014501193776,2.417109722642354e-08
causal_trailing_window,cD1,239.64614206812294,2.4091910123369842e-08
causal_trailing_window,cD1,244.26965244404465,2.4011195257801583e-08
causal_trailing_window,cD1,248.9823645405189,2.3928923154485933e-08
causal_trailing_window,cD1,253.7859993328012,2.3845063769522236e-08
causal_trailing_window,cD1,258.68231099904665,2.3779967423704996e-08
causal_trailing_window,cD1,263.6730875608972,2.373076232116308e-08
causal_trailing_window,cD1,268.7601515364256,2.3680607901014005e-08
causal_trailing_window,cD1,273.94536060567816,2.362948584800444e-08
causal_trailing_window,cD1,279.2306082890559,2.3577377493523503e-08
causal_trailing_window,cD1,284.61782463878706,2.352426380878549e-08
causal_trailing_window,cD1,290.1089769437368,2.347012539788092e-08
causal_trailing_window,cD1,295.7060704478174,2.341494249069365e-08
causal_trailing_window,cD1,301.4111490822561,2.3358694935681258e-08
causal_trailing_window,cD1,307.2262962119944,2.330136219251613e-08
causal_trailing_window,cD1,313.1536353964843,2.3242923324584644e-08
causal_trailing_window,cD1,319.1953311651634,2.3183356991341568e-08
causal_trailing_window,cD1,325.3535898078933,2.3122641440516987e-08
causal_trailing_window,cD1,331.6306601806454,2.306075450017286e-08
causal_trailing_window,cD1,338.0288345267327,2.299767357060635e-08
causal_trailing_window,cD1,344.5504493138833,2.298639004389946e-08
causal_trailing_window,cD1,351.1978860874675,2.303039381374565e-08
causal_trailing_window,cD1,357.9735723401825,2.307524655151057e-08
causal_trailing_window,cD1,364.8799823985184,2.3120964636393768e-08
causal_trailing_window,cD1,371.9196383263243,2.316756476359986e-08
causal_trailing_window,cD1,379.0951108458109,2.3215063950435285e-08
causal_trailing_window,cD1,386.4090202763185,2.326347954252258e-08
causal_trailing_window,cD1,393.86403749119825,2.3312829220134642e-08
causal_trailing_window,cD1,401.46288489315356,2.3363131004651148e-08
causal_trailing_window,cD1,409.20833740840123,2.3414403265139573e-08
causal_trailing_window,cD1,417.1032235000108,2.346666472506313e-08
causal_trailing_window,cD1,425.1504262007932,2.351993446911817e-08
causal_trailing_window,cD1,433.3528841661216,2.357423195020345e-08
causal_trailing_window,cD1,441.7135927470597,2.3629576996523967e-08
causal_trailing_window,cD1,450.2356050841965,2.368598981883164e-08
causal_trailing_window,cD1,458.9220332225824,2.3743491017805943e-08
causal_trailing_window,cD1,467.7760492481795,2.3802101591576737e-08
causal_trailing_window,cD1,476.80088644623385,2.3861842943392313e-08
causal_trailing_window,cD1,485.9998404819983,2.3922736889435397e-08
causal_trailing_window,cD1,495.3762706042327,2.3984805666789888e-08
causal_trailing_window,cD1,504.9336008719279,2.4048071941561378e-08
causal_trailing_window,cD1,514.6753214046926,2.4363394020618712e-08
causal_trailing_window,cD1,524.6049896572661,2.536011986126331e-08
causal_trailing_window,cD1,534.7262317186182,2.63760756057419e-08
causal_trailing_window,cD1,545.0427436361176,2.741163225798197e-08
causal_trailing_window,cD1,555.5582927652417,2.8467167979716615e-08
causal_trailing_window,cD1,566.276719145331,2.9543068228580705e-08
causal_trailing_window,cD1,577.2019369018808,3.063972589887096e-08
causal_trailing_window,cD1,588.3379356758954,3.175754146502245e-08
causal_trailing_window,cD1,599.6887820808116,3.289692312785248e-08
causal_trailing_window,cD1,611.2586211875322,3.405828696362615e-08
causal_trailing_window,cD1,623.0516780381147,3.5242057075998225e-08
causal_trailing_window,cD1,635.0722591886586,3.644866575088595e-08
causal_trailing_window,cD1,647.3247542819628,3.767855361433017e-08
causal_trailing_window,cD1,659.8136376505205,3.893216979340158e-08
causal_trailing_window,cD1,672.5434699504481,4.0209972080212285e-08
causal_trailing_window,cD1,685.5188998269297,4.15124270990906e-08
causal_trailing_window,cD1,698.7446656117985,4.284001047698194e-08
causal_trailing_window,cD1,712.2255970538649,4.4193207017136595e-08
causal_trailing_window,cD1,725.9666170826351,4.5572510876149265e-08
causal_trailing_window,cD1,739.9727436060498,4.6978425744413554e-08
causal_trailing_window,cD1,754.2490913429119,4.841146503005842e-08
causal_trailing_window,cD1,768.8008736906626,4.98721520464328e-08
causal_trailing_window,cD1,783.6334046291995,5.136102020320819e-08
causal_trailing_window,cD1,798.7521006614194,5.2878613201167505e-08
causal_trailing_window,cD1,814.1624827911994,5.4425485230752056e-08
causal_trailing_window,cD1,829.8701785395466,5.6002201174439615e-08
causal_trailing_window,cD1,845.8809239996378,5.760933681302654e-08
causal_trailing_window,cD1,862.2005659315118,5.924747903588984e-08
causal_trailing_window,cD1,878.8350638971696,6.091722605530551e-08
causal_trailing_window,cD1,895.7904924368759,6.261918762490257e-08
causal_trailing_window,cD1,913.0730432874402,6.435398526233091e-08
causal_trailing_window,cD1,930.6890276432995,6.612225247622552e-08
causal_trailing_window,cD1,948.6448784612195,6.79246349975491e-08
causal_trailing_window,cD1,966.9471528094692,6.976179101539888e-08
causal_trailing_window,cD1,985.6025342623101,7.16343914173619e-08
causal_trailing_window,cD1,1004.6178353406866,7.354312003450807e-08
